Userlink,originalPost,UserName,ReplyContent,Replylikes,replies
https://www.tiktok.com/@nagi11051,7207391497937784090,Nagi🐭✨ ,lớp tao mỗi khi đứa nào mua j ăn kiểu :))))),3,"[0, 0, 0, 0, 0, 0, 0, 0, 0, 0, 0, 0, 0, 0, 0, 0, 0, 0, 0, 0, 'View 2 replies', 0, 0, 0, 0, 0, 0, 0, 0, 0, 0, 0, 0, 0, 0, 'View 2 replies', 0, 0, 0, 0, 0, 0, 0, 0, 0, 0, 0, 0, 0, 0, 0, 0, 0, 0, 0, 0, 0, 0, 0, 0, 0, 0, 0, 0, 0, 0, 0, 0, 0, 0, 0, 0, 0, 0, 0, 0, 0, 0, 0, 0, 0, 0, 0, 0, 0, 0, 0, 0, 0, 0, 0, 0, 0, 0, 0, 0, 0, 0, 0, 0, 0, 0, 0, 0, 0, 0, 0, 0, 0, 0, 0, 0, 0, 0, 0, 0, 0, 0, 0, 0, 'View 1 more', 0, 0, 0, 0, 0, 0, 0, 0, 0, 0]"
https://www.tiktok.com/@giacantr21032763,7207391497937784090,Giao Kiều ,Cười mệt luôn á,1,"[0, 0, 0, 0, 0, 0, 0, 0, 0, 0, 0, 0, 0, 0, 0, 0, 0, 0, 0, 0, 'View 2 replies', 0, 0, 0, 0, 0, 0, 0, 0, 0, 0, 0, 0, 0, 0, 'View 2 replies', 0, 0, 0, 0, 0, 0, 0, 0, 0, 0, 0, 0, 0, 0, 0, 0, 0, 0, 0, 0, 0, 0, 0, 0, 0, 0, 0, 0, 0, 0, 0, 0, 0, 0, 0, 0, 0, 0, 0, 0, 0, 0, 0, 0, 0, 0, 0, 0, 0, 0, 0, 0, 0, 0, 0, 0, 0, 0, 0, 0, 0, 0, 0, 0, 0, 0, 0, 0, 0, 0, 0, 0, 0, 0, 0, 0, 0, 0, 0, 0, 0, 0, 0, 0, 'View 1 more', 0, 0, 0, 0, 0, 0, 0, 0, 0, 0]"
https://www.tiktok.com/@thanhloitr21032210,7207391497937784090,Hồng Thư ,Xem cái quên luôn là mình đang thất tình,0,"[0, 0, 0, 0, 0, 0, 0, 0, 0, 0, 0, 0, 0, 0, 0, 0, 0, 0, 0, 0, 'View 2 replies', 0, 0, 0, 0, 0, 0, 0, 0, 0, 0, 0, 0, 0, 0, 'View 2 replies', 0, 0, 0, 0, 0, 0, 0, 0, 0, 0, 0, 0, 0, 0, 0, 0, 0, 0, 0, 0, 0, 0, 0, 0, 0, 0, 0, 0, 0, 0, 0, 0, 0, 0, 0, 0, 0, 0, 0, 0, 0, 0, 0, 0, 0, 0, 0, 0, 0, 0, 0, 0, 0, 0, 0, 0, 0, 0, 0, 0, 0, 0, 0, 0, 0, 0, 0, 0, 0, 0, 0, 0, 0, 0, 0, 0, 0, 0, 0, 0, 0, 0, 0, 0, 'View 1 more', 0, 0, 0, 0, 0, 0, 0, 0, 0, 0]"
https://www.tiktok.com/@thiengiang21032114,7207391497937784090,Kiều Minh ,coi giải trí,0,"[0, 0, 0, 0, 0, 0, 0, 0, 0, 0, 0, 0, 0, 0, 0, 0, 0, 0, 0, 0, 'View 2 replies', 0, 0, 0, 0, 0, 0, 0, 0, 0, 0, 0, 0, 0, 0, 'View 2 replies', 0, 0, 0, 0, 0, 0, 0, 0, 0, 0, 0, 0, 0, 0, 0, 0, 0, 0, 0, 0, 0, 0, 0, 0, 0, 0, 0, 0, 0, 0, 0, 0, 0, 0, 0, 0, 0, 0, 0, 0, 0, 0, 0, 0, 0, 0, 0, 0, 0, 0, 0, 0, 0, 0, 0, 0, 0, 0, 0, 0, 0, 0, 0, 0, 0, 0, 0, 0, 0, 0, 0, 0, 0, 0, 0, 0, 0, 0, 0, 0, 0, 0, 0, 0, 'View 1 more', 0, 0, 0, 0, 0, 0, 0, 0, 0, 0]"
https://www.tiktok.com/@thucdoan2103438,7207391497937784090,Khải Hà ,ra parody lun kìa kkk,0,"[0, 0, 0, 0, 0, 0, 0, 0, 0, 0, 0, 0, 0, 0, 0, 0, 0, 0, 0, 0, 'View 2 replies', 0, 0, 0, 0, 0, 0, 0, 0, 0, 0, 0, 0, 0, 0, 'View 2 replies', 0, 0, 0, 0, 0, 0, 0, 0, 0, 0, 0, 0, 0, 0, 0, 0, 0, 0, 0, 0, 0, 0, 0, 0, 0, 0, 0, 0, 0, 0, 0, 0, 0, 0, 0, 0, 0, 0, 0, 0, 0, 0, 0, 0, 0, 0, 0, 0, 0, 0, 0, 0, 0, 0, 0, 0, 0, 0, 0, 0, 0, 0, 0, 0, 0, 0, 0, 0, 0, 0, 0, 0, 0, 0, 0, 0, 0, 0, 0, 0, 0, 0, 0, 0, 'View 1 more', 0, 0, 0, 0, 0, 0, 0, 0, 0, 0]"
https://www.tiktok.com/@khanhlinh2103560,7207391497937784090,Kiều Khanh ,cái này hay nè,0,"[0, 0, 0, 0, 0, 0, 0, 0, 0, 0, 0, 0, 0, 0, 0, 0, 0, 0, 0, 0, 'View 2 replies', 0, 0, 0, 0, 0, 0, 0, 0, 0, 0, 0, 0, 0, 0, 'View 2 replies', 0, 0, 0, 0, 0, 0, 0, 0, 0, 0, 0, 0, 0, 0, 0, 0, 0, 0, 0, 0, 0, 0, 0, 0, 0, 0, 0, 0, 0, 0, 0, 0, 0, 0, 0, 0, 0, 0, 0, 0, 0, 0, 0, 0, 0, 0, 0, 0, 0, 0, 0, 0, 0, 0, 0, 0, 0, 0, 0, 0, 0, 0, 0, 0, 0, 0, 0, 0, 0, 0, 0, 0, 0, 0, 0, 0, 0, 0, 0, 0, 0, 0, 0, 0, 'View 1 more', 0, 0, 0, 0, 0, 0, 0, 0, 0, 0]"
https://www.tiktok.com/@khanhlinh52522,7207391497937784090,Khánh Linh ,SƠ HỞ LÀ LÀM TRÚA HỀ,0,"[0, 0, 0, 0, 0, 0, 0, 0, 0, 0, 0, 0, 0, 0, 0, 0, 0, 0, 0, 0, 'View 2 replies', 0, 0, 0, 0, 0, 0, 0, 0, 0, 0, 0, 0, 0, 0, 'View 2 replies', 0, 0, 0, 0, 0, 0, 0, 0, 0, 0, 0, 0, 0, 0, 0, 0, 0, 0, 0, 0, 0, 0, 0, 0, 0, 0, 0, 0, 0, 0, 0, 0, 0, 0, 0, 0, 0, 0, 0, 0, 0, 0, 0, 0, 0, 0, 0, 0, 0, 0, 0, 0, 0, 0, 0, 0, 0, 0, 0, 0, 0, 0, 0, 0, 0, 0, 0, 0, 0, 0, 0, 0, 0, 0, 0, 0, 0, 0, 0, 0, 0, 0, 0, 0, 'View 1 more', 0, 0, 0, 0, 0, 0, 0, 0, 0, 0]"
https://www.tiktok.com/@khanhha584w,7207391497937784090,Khánh Hà ,Quá chời r,0,"[0, 0, 0, 0, 0, 0, 0, 0, 0, 0, 0, 0, 0, 0, 0, 0, 0, 0, 0, 0, 'View 2 replies', 0, 0, 0, 0, 0, 0, 0, 0, 0, 0, 0, 0, 0, 0, 'View 2 replies', 0, 0, 0, 0, 0, 0, 0, 0, 0, 0, 0, 0, 0, 0, 0, 0, 0, 0, 0, 0, 0, 0, 0, 0, 0, 0, 0, 0, 0, 0, 0, 0, 0, 0, 0, 0, 0, 0, 0, 0, 0, 0, 0, 0, 0, 0, 0, 0, 0, 0, 0, 0, 0, 0, 0, 0, 0, 0, 0, 0, 0, 0, 0, 0, 0, 0, 0, 0, 0, 0, 0, 0, 0, 0, 0, 0, 0, 0, 0, 0, 0, 0, 0, 0, 'View 1 more', 0, 0, 0, 0, 0, 0, 0, 0, 0, 0]"
https://www.tiktok.com/@user1452001888374,7207391497937784090,Lý Việt Yến ,cái này hay nè,0,"[0, 0, 0, 0, 0, 0, 0, 0, 0, 0, 0, 0, 0, 0, 0, 0, 0, 0, 0, 0, 'View 2 replies', 0, 0, 0, 0, 0, 0, 0, 0, 0, 0, 0, 0, 0, 0, 'View 2 replies', 0, 0, 0, 0, 0, 0, 0, 0, 0, 0, 0, 0, 0, 0, 0, 0, 0, 0, 0, 0, 0, 0, 0, 0, 0, 0, 0, 0, 0, 0, 0, 0, 0, 0, 0, 0, 0, 0, 0, 0, 0, 0, 0, 0, 0, 0, 0, 0, 0, 0, 0, 0, 0, 0, 0, 0, 0, 0, 0, 0, 0, 0, 0, 0, 0, 0, 0, 0, 0, 0, 0, 0, 0, 0, 0, 0, 0, 0, 0, 0, 0, 0, 0, 0, 'View 1 more', 0, 0, 0, 0, 0, 0, 0, 0, 0, 0]"
https://www.tiktok.com/@user4761229696584,7207391497937784090,Đỗ Hoàng Oanh ,Cười mệt luôn á,0,"[0, 0, 0, 0, 0, 0, 0, 0, 0, 0, 0, 0, 0, 0, 0, 0, 0, 0, 0, 0, 'View 2 replies', 0, 0, 0, 0, 0, 0, 0, 0, 0, 0, 0, 0, 0, 0, 'View 2 replies', 0, 0, 0, 0, 0, 0, 0, 0, 0, 0, 0, 0, 0, 0, 0, 0, 0, 0, 0, 0, 0, 0, 0, 0, 0, 0, 0, 0, 0, 0, 0, 0, 0, 0, 0, 0, 0, 0, 0, 0, 0, 0, 0, 0, 0, 0, 0, 0, 0, 0, 0, 0, 0, 0, 0, 0, 0, 0, 0, 0, 0, 0, 0, 0, 0, 0, 0, 0, 0, 0, 0, 0, 0, 0, 0, 0, 0, 0, 0, 0, 0, 0, 0, 0, 'View 1 more', 0, 0, 0, 0, 0, 0, 0, 0, 0, 0]"
https://www.tiktok.com/@user8820518523174,7207391497937784090,Võ Liêu Danh ,ra parody lun kìa kkk,0,"[0, 0, 0, 0, 0, 0, 0, 0, 0, 0, 0, 0, 0, 0, 0, 0, 0, 0, 0, 0, 'View 2 replies', 0, 0, 0, 0, 0, 0, 0, 0, 0, 0, 0, 0, 0, 0, 'View 2 replies', 0, 0, 0, 0, 0, 0, 0, 0, 0, 0, 0, 0, 0, 0, 0, 0, 0, 0, 0, 0, 0, 0, 0, 0, 0, 0, 0, 0, 0, 0, 0, 0, 0, 0, 0, 0, 0, 0, 0, 0, 0, 0, 0, 0, 0, 0, 0, 0, 0, 0, 0, 0, 0, 0, 0, 0, 0, 0, 0, 0, 0, 0, 0, 0, 0, 0, 0, 0, 0, 0, 0, 0, 0, 0, 0, 0, 0, 0, 0, 0, 0, 0, 0, 0, 'View 1 more', 0, 0, 0, 0, 0, 0, 0, 0, 0, 0]"
https://www.tiktok.com/@user2330196616934,7207391497937784090,Nguyễn NHƯ Mai ,Warrior siu ngon lun ạ,0,"[0, 0, 0, 0, 0, 0, 0, 0, 0, 0, 0, 0, 0, 0, 0, 0, 0, 0, 0, 0, 'View 2 replies', 0, 0, 0, 0, 0, 0, 0, 0, 0, 0, 0, 0, 0, 0, 'View 2 replies', 0, 0, 0, 0, 0, 0, 0, 0, 0, 0, 0, 0, 0, 0, 0, 0, 0, 0, 0, 0, 0, 0, 0, 0, 0, 0, 0, 0, 0, 0, 0, 0, 0, 0, 0, 0, 0, 0, 0, 0, 0, 0, 0, 0, 0, 0, 0, 0, 0, 0, 0, 0, 0, 0, 0, 0, 0, 0, 0, 0, 0, 0, 0, 0, 0, 0, 0, 0, 0, 0, 0, 0, 0, 0, 0, 0, 0, 0, 0, 0, 0, 0, 0, 0, 'View 1 more', 0, 0, 0, 0, 0, 0, 0, 0, 0, 0]"
https://www.tiktok.com/@egikyrezy,7207391497937784090,Mỹ Hạnh ,Chế lại hài xĩu,2,"[0, 0, 0, 0, 0, 0, 0, 0, 0, 0, 0, 0, 0, 0, 0, 0, 0, 0, 0, 0, 'View 2 replies', 0, 0, 0, 0, 0, 0, 0, 0, 0, 0, 0, 0, 0, 0, 'View 2 replies', 0, 0, 0, 0, 0, 0, 0, 0, 0, 0, 0, 0, 0, 0, 0, 0, 0, 0, 0, 0, 0, 0, 0, 0, 0, 0, 0, 0, 0, 0, 0, 0, 0, 0, 0, 0, 0, 0, 0, 0, 0, 0, 0, 0, 0, 0, 0, 0, 0, 0, 0, 0, 0, 0, 0, 0, 0, 0, 0, 0, 0, 0, 0, 0, 0, 0, 0, 0, 0, 0, 0, 0, 0, 0, 0, 0, 0, 0, 0, 0, 0, 0, 0, 0, 'View 1 more', 0, 0, 0, 0, 0, 0, 0, 0, 0, 0]"
https://www.tiktok.com/@oxogytu,7207391497937784090,Thuỳ Linh ,ở TG còn nghe thấy mn cười 😂,2,"[0, 0, 0, 0, 0, 0, 0, 0, 0, 0, 0, 0, 0, 0, 0, 0, 0, 0, 0, 0, 'View 2 replies', 0, 0, 0, 0, 0, 0, 0, 0, 0, 0, 0, 0, 0, 0, 'View 2 replies', 0, 0, 0, 0, 0, 0, 0, 0, 0, 0, 0, 0, 0, 0, 0, 0, 0, 0, 0, 0, 0, 0, 0, 0, 0, 0, 0, 0, 0, 0, 0, 0, 0, 0, 0, 0, 0, 0, 0, 0, 0, 0, 0, 0, 0, 0, 0, 0, 0, 0, 0, 0, 0, 0, 0, 0, 0, 0, 0, 0, 0, 0, 0, 0, 0, 0, 0, 0, 0, 0, 0, 0, 0, 0, 0, 0, 0, 0, 0, 0, 0, 0, 0, 0, 'View 1 more', 0, 0, 0, 0, 0, 0, 0, 0, 0, 0]"
https://www.tiktok.com/@nybox_,7207391497937784090,Tí Racing ,Coi cả chục lần vẫn cười ẻ,2,"[0, 0, 0, 0, 0, 0, 0, 0, 0, 0, 0, 0, 0, 0, 0, 0, 0, 0, 0, 0, 'View 2 replies', 0, 0, 0, 0, 0, 0, 0, 0, 0, 0, 0, 0, 0, 0, 'View 2 replies', 0, 0, 0, 0, 0, 0, 0, 0, 0, 0, 0, 0, 0, 0, 0, 0, 0, 0, 0, 0, 0, 0, 0, 0, 0, 0, 0, 0, 0, 0, 0, 0, 0, 0, 0, 0, 0, 0, 0, 0, 0, 0, 0, 0, 0, 0, 0, 0, 0, 0, 0, 0, 0, 0, 0, 0, 0, 0, 0, 0, 0, 0, 0, 0, 0, 0, 0, 0, 0, 0, 0, 0, 0, 0, 0, 0, 0, 0, 0, 0, 0, 0, 0, 0, 'View 1 more', 0, 0, 0, 0, 0, 0, 0, 0, 0, 0]"
https://www.tiktok.com/@iratran18,7207391497937784090,An Võ ,Cuoi k nhat dc mom luon,2,"[0, 0, 0, 0, 0, 0, 0, 0, 0, 0, 0, 0, 0, 0, 0, 0, 0, 0, 0, 0, 'View 2 replies', 0, 0, 0, 0, 0, 0, 0, 0, 0, 0, 0, 0, 0, 0, 'View 2 replies', 0, 0, 0, 0, 0, 0, 0, 0, 0, 0, 0, 0, 0, 0, 0, 0, 0, 0, 0, 0, 0, 0, 0, 0, 0, 0, 0, 0, 0, 0, 0, 0, 0, 0, 0, 0, 0, 0, 0, 0, 0, 0, 0, 0, 0, 0, 0, 0, 0, 0, 0, 0, 0, 0, 0, 0, 0, 0, 0, 0, 0, 0, 0, 0, 0, 0, 0, 0, 0, 0, 0, 0, 0, 0, 0, 0, 0, 0, 0, 0, 0, 0, 0, 0, 'View 1 more', 0, 0, 0, 0, 0, 0, 0, 0, 0, 0]"
https://www.tiktok.com/@vinhkien574608,7207391497937784090,Vĩnh Kiên Trần ,thấy idol có khiếu qua làm hề gòi é,2,"[0, 0, 0, 0, 0, 0, 0, 0, 0, 0, 0, 0, 0, 0, 0, 0, 0, 0, 0, 0, 'View 2 replies', 0, 0, 0, 0, 0, 0, 0, 0, 0, 0, 0, 0, 0, 0, 'View 2 replies', 0, 0, 0, 0, 0, 0, 0, 0, 0, 0, 0, 0, 0, 0, 0, 0, 0, 0, 0, 0, 0, 0, 0, 0, 0, 0, 0, 0, 0, 0, 0, 0, 0, 0, 0, 0, 0, 0, 0, 0, 0, 0, 0, 0, 0, 0, 0, 0, 0, 0, 0, 0, 0, 0, 0, 0, 0, 0, 0, 0, 0, 0, 0, 0, 0, 0, 0, 0, 0, 0, 0, 0, 0, 0, 0, 0, 0, 0, 0, 0, 0, 0, 0, 0, 'View 1 more', 0, 0, 0, 0, 0, 0, 0, 0, 0, 0]"
https://www.tiktok.com/@khoahung_,7207391497937784090,Hùng Khoa ,thấy idol có khiếu qua làm hề gòi é,2,"[0, 0, 0, 0, 0, 0, 0, 0, 0, 0, 0, 0, 0, 0, 0, 0, 0, 0, 0, 0, 'View 2 replies', 0, 0, 0, 0, 0, 0, 0, 0, 0, 0, 0, 0, 0, 0, 'View 2 replies', 0, 0, 0, 0, 0, 0, 0, 0, 0, 0, 0, 0, 0, 0, 0, 0, 0, 0, 0, 0, 0, 0, 0, 0, 0, 0, 0, 0, 0, 0, 0, 0, 0, 0, 0, 0, 0, 0, 0, 0, 0, 0, 0, 0, 0, 0, 0, 0, 0, 0, 0, 0, 0, 0, 0, 0, 0, 0, 0, 0, 0, 0, 0, 0, 0, 0, 0, 0, 0, 0, 0, 0, 0, 0, 0, 0, 0, 0, 0, 0, 0, 0, 0, 0, 'View 1 more', 0, 0, 0, 0, 0, 0, 0, 0, 0, 0]"
https://www.tiktok.com/@truclan560,7207391497937784090,Trúc Lan ,Kkk,0,"[0, 0, 0, 0, 0, 0, 0, 0, 0, 0, 0, 0, 0, 0, 0, 0, 0, 0, 0, 0, 'View 2 replies', 0, 0, 0, 0, 0, 0, 0, 0, 0, 0, 0, 0, 0, 0, 'View 2 replies', 0, 0, 0, 0, 0, 0, 0, 0, 0, 0, 0, 0, 0, 0, 0, 0, 0, 0, 0, 0, 0, 0, 0, 0, 0, 0, 0, 0, 0, 0, 0, 0, 0, 0, 0, 0, 0, 0, 0, 0, 0, 0, 0, 0, 0, 0, 0, 0, 0, 0, 0, 0, 0, 0, 0, 0, 0, 0, 0, 0, 0, 0, 0, 0, 0, 0, 0, 0, 0, 0, 0, 0, 0, 0, 0, 0, 0, 0, 0, 0, 0, 0, 0, 0, 'View 1 more', 0, 0, 0, 0, 0, 0, 0, 0, 0, 0]"
https://www.tiktok.com/@ml0999,7207391497937784090,CHUỐI🍌GIÁC NGỘ ,Ăn là bt chia soẽ chứ a😂😂,12,"[0, 0, 0, 0, 0, 0, 0, 0, 0, 0, 0, 0, 0, 0, 0, 0, 0, 0, 0, 0, 'View 2 replies', 0, 0, 0, 0, 0, 0, 0, 0, 0, 0, 0, 0, 0, 0, 'View 2 replies', 0, 0, 0, 0, 0, 0, 0, 0, 0, 0, 0, 0, 0, 0, 0, 0, 0, 0, 0, 0, 0, 0, 0, 0, 0, 0, 0, 0, 0, 0, 0, 0, 0, 0, 0, 0, 0, 0, 0, 0, 0, 0, 0, 0, 0, 0, 0, 0, 0, 0, 0, 0, 0, 0, 0, 0, 0, 0, 0, 0, 0, 0, 0, 0, 0, 0, 0, 0, 0, 0, 0, 0, 0, 0, 0, 0, 0, 0, 0, 0, 0, 0, 0, 0, 'View 1 more', 0, 0, 0, 0, 0, 0, 0, 0, 0, 0]"
https://www.tiktok.com/@hs12338,7207391497937784090,HS ,Ủa bộ không có tiền mua đồ ăn hay gì😏,1,"[0, 0, 0, 0, 0, 0, 0, 0, 0, 0, 0, 0, 0, 0, 0, 0, 0, 0, 0, 0, 'View 2 replies', 0, 0, 0, 0, 0, 0, 0, 0, 0, 0, 0, 0, 0, 0, 'View 2 replies', 0, 0, 0, 0, 0, 0, 0, 0, 0, 0, 0, 0, 0, 0, 0, 0, 0, 0, 0, 0, 0, 0, 0, 0, 0, 0, 0, 0, 0, 0, 0, 0, 0, 0, 0, 0, 0, 0, 0, 0, 0, 0, 0, 0, 0, 0, 0, 0, 0, 0, 0, 0, 0, 0, 0, 0, 0, 0, 0, 0, 0, 0, 0, 0, 0, 0, 0, 0, 0, 0, 0, 0, 0, 0, 0, 0, 0, 0, 0, 0, 0, 0, 0, 0, 'View 1 more', 0, 0, 0, 0, 0, 0, 0, 0, 0, 0]"
https://www.tiktok.com/@luongthingocha_230,7207391497937784090,^Ngazn_Hz_🍧 ,Zchanel fake hẻ,3,"[0, 0, 0, 0, 0, 0, 0, 0, 0, 0, 0, 0, 0, 0, 0, 0, 0, 0, 0, 0, 'View 2 replies', 0, 0, 0, 0, 0, 0, 0, 0, 0, 0, 0, 0, 0, 0, 'View 2 replies', 0, 0, 0, 0, 0, 0, 0, 0, 0, 0, 0, 0, 0, 0, 0, 0, 0, 0, 0, 0, 0, 0, 0, 0, 0, 0, 0, 0, 0, 0, 0, 0, 0, 0, 0, 0, 0, 0, 0, 0, 0, 0, 0, 0, 0, 0, 0, 0, 0, 0, 0, 0, 0, 0, 0, 0, 0, 0, 0, 0, 0, 0, 0, 0, 0, 0, 0, 0, 0, 0, 0, 0, 0, 0, 0, 0, 0, 0, 0, 0, 0, 0, 0, 0, 'View 1 more', 0, 0, 0, 0, 0, 0, 0, 0, 0, 0]"
https://www.tiktok.com/@kh0a07,7207391497937784090,𝘒𝘩𝘰𝘢🔥 ,7tl của schanel:)),2,"[0, 0, 0, 0, 0, 0, 0, 0, 0, 0, 0, 0, 0, 0, 0, 0, 0, 0, 0, 0, 'View 2 replies', 0, 0, 0, 0, 0, 0, 0, 0, 0, 0, 0, 0, 0, 0, 'View 2 replies', 0, 0, 0, 0, 0, 0, 0, 0, 0, 0, 0, 0, 0, 0, 0, 0, 0, 0, 0, 0, 0, 0, 0, 0, 0, 0, 0, 0, 0, 0, 0, 0, 0, 0, 0, 0, 0, 0, 0, 0, 0, 0, 0, 0, 0, 0, 0, 0, 0, 0, 0, 0, 0, 0, 0, 0, 0, 0, 0, 0, 0, 0, 0, 0, 0, 0, 0, 0, 0, 0, 0, 0, 0, 0, 0, 0, 0, 0, 0, 0, 0, 0, 0, 0, 'View 1 more', 0, 0, 0, 0, 0, 0, 0, 0, 0, 0]"
https://www.tiktok.com/@obybat,7207391497937784090,Bảo Tú ,Coi cười banh nhà,2,"[0, 0, 0, 0, 0, 0, 0, 0, 0, 0, 0, 0, 0, 0, 0, 0, 0, 0, 0, 0, 'View 2 replies', 0, 0, 0, 0, 0, 0, 0, 0, 0, 0, 0, 0, 0, 0, 'View 2 replies', 0, 0, 0, 0, 0, 0, 0, 0, 0, 0, 0, 0, 0, 0, 0, 0, 0, 0, 0, 0, 0, 0, 0, 0, 0, 0, 0, 0, 0, 0, 0, 0, 0, 0, 0, 0, 0, 0, 0, 0, 0, 0, 0, 0, 0, 0, 0, 0, 0, 0, 0, 0, 0, 0, 0, 0, 0, 0, 0, 0, 0, 0, 0, 0, 0, 0, 0, 0, 0, 0, 0, 0, 0, 0, 0, 0, 0, 0, 0, 0, 0, 0, 0, 0, 'View 1 more', 0, 0, 0, 0, 0, 0, 0, 0, 0, 0]"
https://www.tiktok.com/@okcondek,7207391497937784090,Dương Ánh Tuyết ,Làn đầu mới thấy parody hay như z,2,"[0, 0, 0, 0, 0, 0, 0, 0, 0, 0, 0, 0, 0, 0, 0, 0, 0, 0, 0, 0, 'View 2 replies', 0, 0, 0, 0, 0, 0, 0, 0, 0, 0, 0, 0, 0, 0, 'View 2 replies', 0, 0, 0, 0, 0, 0, 0, 0, 0, 0, 0, 0, 0, 0, 0, 0, 0, 0, 0, 0, 0, 0, 0, 0, 0, 0, 0, 0, 0, 0, 0, 0, 0, 0, 0, 0, 0, 0, 0, 0, 0, 0, 0, 0, 0, 0, 0, 0, 0, 0, 0, 0, 0, 0, 0, 0, 0, 0, 0, 0, 0, 0, 0, 0, 0, 0, 0, 0, 0, 0, 0, 0, 0, 0, 0, 0, 0, 0, 0, 0, 0, 0, 0, 0, 'View 1 more', 0, 0, 0, 0, 0, 0, 0, 0, 0, 0]"
https://www.tiktok.com/@ukuosoruc,7207391497937784090,Bùi Trí Vĩ ,Hài hước,2,"[0, 0, 0, 0, 0, 0, 0, 0, 0, 0, 0, 0, 0, 0, 0, 0, 0, 0, 0, 0, 'View 2 replies', 0, 0, 0, 0, 0, 0, 0, 0, 0, 0, 0, 0, 0, 0, 'View 2 replies', 0, 0, 0, 0, 0, 0, 0, 0, 0, 0, 0, 0, 0, 0, 0, 0, 0, 0, 0, 0, 0, 0, 0, 0, 0, 0, 0, 0, 0, 0, 0, 0, 0, 0, 0, 0, 0, 0, 0, 0, 0, 0, 0, 0, 0, 0, 0, 0, 0, 0, 0, 0, 0, 0, 0, 0, 0, 0, 0, 0, 0, 0, 0, 0, 0, 0, 0, 0, 0, 0, 0, 0, 0, 0, 0, 0, 0, 0, 0, 0, 0, 0, 0, 0, 'View 1 more', 0, 0, 0, 0, 0, 0, 0, 0, 0, 0]"
https://www.tiktok.com/@edna2011fdn,7207391497937784090,Mood 😉😉😉 ,Thui bữa sau ở nhà ăn cho lành anh ah,2,"[0, 0, 0, 0, 0, 0, 0, 0, 0, 0, 0, 0, 0, 0, 0, 0, 0, 0, 0, 0, 'View 2 replies', 0, 0, 0, 0, 0, 0, 0, 0, 0, 0, 0, 0, 0, 0, 'View 2 replies', 0, 0, 0, 0, 0, 0, 0, 0, 0, 0, 0, 0, 0, 0, 0, 0, 0, 0, 0, 0, 0, 0, 0, 0, 0, 0, 0, 0, 0, 0, 0, 0, 0, 0, 0, 0, 0, 0, 0, 0, 0, 0, 0, 0, 0, 0, 0, 0, 0, 0, 0, 0, 0, 0, 0, 0, 0, 0, 0, 0, 0, 0, 0, 0, 0, 0, 0, 0, 0, 0, 0, 0, 0, 0, 0, 0, 0, 0, 0, 0, 0, 0, 0, 0, 'View 1 more', 0, 0, 0, 0, 0, 0, 0, 0, 0, 0]"
https://www.tiktok.com/@surichan170,7207391497937784090,🌻수리 트란🌻 ,Thật độc lạ Bình Dương đó mà😅,4,"[0, 0, 0, 0, 0, 0, 0, 0, 0, 0, 0, 0, 0, 0, 0, 0, 0, 0, 0, 0, 'View 2 replies', 0, 0, 0, 0, 0, 0, 0, 0, 0, 0, 0, 0, 0, 0, 'View 2 replies', 0, 0, 0, 0, 0, 0, 0, 0, 0, 0, 0, 0, 0, 0, 0, 0, 0, 0, 0, 0, 0, 0, 0, 0, 0, 0, 0, 0, 0, 0, 0, 0, 0, 0, 0, 0, 0, 0, 0, 0, 0, 0, 0, 0, 0, 0, 0, 0, 0, 0, 0, 0, 0, 0, 0, 0, 0, 0, 0, 0, 0, 0, 0, 0, 0, 0, 0, 0, 0, 0, 0, 0, 0, 0, 0, 0, 0, 0, 0, 0, 0, 0, 0, 0, 'View 1 more', 0, 0, 0, 0, 0, 0, 0, 0, 0, 0]"
https://www.tiktok.com/@honganhkuti,7207391497937784090,Hồng Ánh kuti ,rep em đi anh,2,"[0, 0, 0, 0, 0, 0, 0, 0, 0, 0, 0, 0, 0, 0, 0, 0, 0, 0, 0, 0, 'View 2 replies', 0, 0, 0, 0, 0, 0, 0, 0, 0, 0, 0, 0, 0, 0, 'View 2 replies', 0, 0, 0, 0, 0, 0, 0, 0, 0, 0, 0, 0, 0, 0, 0, 0, 0, 0, 0, 0, 0, 0, 0, 0, 0, 0, 0, 0, 0, 0, 0, 0, 0, 0, 0, 0, 0, 0, 0, 0, 0, 0, 0, 0, 0, 0, 0, 0, 0, 0, 0, 0, 0, 0, 0, 0, 0, 0, 0, 0, 0, 0, 0, 0, 0, 0, 0, 0, 0, 0, 0, 0, 0, 0, 0, 0, 0, 0, 0, 0, 0, 0, 0, 0, 'View 1 more', 0, 0, 0, 0, 0, 0, 0, 0, 0, 0]"
https://www.tiktok.com/@fanblackpink.7,7207391497937784090,🥀[𝘽𝙡𝙞𝙣𝙠]🧸𝙝𝙖𝙣𝙣𝙖✨ ,rep em ik anh,3,"[0, 0, 0, 0, 0, 0, 0, 0, 0, 0, 0, 0, 0, 0, 0, 0, 0, 0, 0, 0, 'View 2 replies', 0, 0, 0, 0, 0, 0, 0, 0, 0, 0, 0, 0, 0, 0, 'View 2 replies', 0, 0, 0, 0, 0, 0, 0, 0, 0, 0, 0, 0, 0, 0, 0, 0, 0, 0, 0, 0, 0, 0, 0, 0, 0, 0, 0, 0, 0, 0, 0, 0, 0, 0, 0, 0, 0, 0, 0, 0, 0, 0, 0, 0, 0, 0, 0, 0, 0, 0, 0, 0, 0, 0, 0, 0, 0, 0, 0, 0, 0, 0, 0, 0, 0, 0, 0, 0, 0, 0, 0, 0, 0, 0, 0, 0, 0, 0, 0, 0, 0, 0, 0, 0, 'View 1 more', 0, 0, 0, 0, 0, 0, 0, 0, 0, 0]"
https://www.tiktok.com/@hynnye.esshntrnoiwa,7207391497937784090,🌷🔥 ,đầu nè anh oiiii,3,"[0, 0, 0, 0, 0, 0, 0, 0, 0, 0, 0, 0, 0, 0, 0, 0, 0, 0, 0, 0, 'View 2 replies', 0, 0, 0, 0, 0, 0, 0, 0, 0, 0, 0, 0, 0, 0, 'View 2 replies', 0, 0, 0, 0, 0, 0, 0, 0, 0, 0, 0, 0, 0, 0, 0, 0, 0, 0, 0, 0, 0, 0, 0, 0, 0, 0, 0, 0, 0, 0, 0, 0, 0, 0, 0, 0, 0, 0, 0, 0, 0, 0, 0, 0, 0, 0, 0, 0, 0, 0, 0, 0, 0, 0, 0, 0, 0, 0, 0, 0, 0, 0, 0, 0, 0, 0, 0, 0, 0, 0, 0, 0, 0, 0, 0, 0, 0, 0, 0, 0, 0, 0, 0, 0, 'View 1 more', 0, 0, 0, 0, 0, 0, 0, 0, 0, 0]"
https://www.tiktok.com/@phongchautr2103537,7207391497937784090,Hồng Phúc ,🙂,0,"[0, 0, 0, 0, 0, 0, 0, 0, 0, 0, 0, 0, 0, 0, 0, 0, 0, 0, 0, 0, 'View 2 replies', 0, 0, 0, 0, 0, 0, 0, 0, 0, 0, 0, 0, 0, 0, 'View 2 replies', 0, 0, 0, 0, 0, 0, 0, 0, 0, 0, 0, 0, 0, 0, 0, 0, 0, 0, 0, 0, 0, 0, 0, 0, 0, 0, 0, 0, 0, 0, 0, 0, 0, 0, 0, 0, 0, 0, 0, 0, 0, 0, 0, 0, 0, 0, 0, 0, 0, 0, 0, 0, 0, 0, 0, 0, 0, 0, 0, 0, 0, 0, 0, 0, 0, 0, 0, 0, 0, 0, 0, 0, 0, 0, 0, 0, 0, 0, 0, 0, 0, 0, 0, 0, 'View 1 more', 0, 0, 0, 0, 0, 0, 0, 0, 0, 0]"
https://www.tiktok.com/@user1452001888374,7207391497937784090,Lý Việt Yến ,🙂,0,"[0, 0, 0, 0, 0, 0, 0, 0, 0, 0, 0, 0, 0, 0, 0, 0, 0, 0, 0, 0, 'View 2 replies', 0, 0, 0, 0, 0, 0, 0, 0, 0, 0, 0, 0, 0, 0, 'View 2 replies', 0, 0, 0, 0, 0, 0, 0, 0, 0, 0, 0, 0, 0, 0, 0, 0, 0, 0, 0, 0, 0, 0, 0, 0, 0, 0, 0, 0, 0, 0, 0, 0, 0, 0, 0, 0, 0, 0, 0, 0, 0, 0, 0, 0, 0, 0, 0, 0, 0, 0, 0, 0, 0, 0, 0, 0, 0, 0, 0, 0, 0, 0, 0, 0, 0, 0, 0, 0, 0, 0, 0, 0, 0, 0, 0, 0, 0, 0, 0, 0, 0, 0, 0, 0, 'View 1 more', 0, 0, 0, 0, 0, 0, 0, 0, 0, 0]"
https://www.tiktok.com/@jyp72171wck,7207391497937784090,星星的梦 ,🥰🥰,2,"[0, 0, 0, 0, 0, 0, 0, 0, 0, 0, 0, 0, 0, 0, 0, 0, 0, 0, 0, 0, 'View 2 replies', 0, 0, 0, 0, 0, 0, 0, 0, 0, 0, 0, 0, 0, 0, 'View 2 replies', 0, 0, 0, 0, 0, 0, 0, 0, 0, 0, 0, 0, 0, 0, 0, 0, 0, 0, 0, 0, 0, 0, 0, 0, 0, 0, 0, 0, 0, 0, 0, 0, 0, 0, 0, 0, 0, 0, 0, 0, 0, 0, 0, 0, 0, 0, 0, 0, 0, 0, 0, 0, 0, 0, 0, 0, 0, 0, 0, 0, 0, 0, 0, 0, 0, 0, 0, 0, 0, 0, 0, 0, 0, 0, 0, 0, 0, 0, 0, 0, 0, 0, 0, 0, 'View 1 more', 0, 0, 0, 0, 0, 0, 0, 0, 0, 0]"
https://www.tiktok.com/@trankienhuy22,7207391497937784090,Huy Trần ,dui qua di,2,"[0, 0, 0, 0, 0, 0, 0, 0, 0, 0, 0, 0, 0, 0, 0, 0, 0, 0, 0, 0, 'View 2 replies', 0, 0, 0, 0, 0, 0, 0, 0, 0, 0, 0, 0, 0, 0, 'View 2 replies', 0, 0, 0, 0, 0, 0, 0, 0, 0, 0, 0, 0, 0, 0, 0, 0, 0, 0, 0, 0, 0, 0, 0, 0, 0, 0, 0, 0, 0, 0, 0, 0, 0, 0, 0, 0, 0, 0, 0, 0, 0, 0, 0, 0, 0, 0, 0, 0, 0, 0, 0, 0, 0, 0, 0, 0, 0, 0, 0, 0, 0, 0, 0, 0, 0, 0, 0, 0, 0, 0, 0, 0, 0, 0, 0, 0, 0, 0, 0, 0, 0, 0, 0, 0, 'View 1 more', 0, 0, 0, 0, 0, 0, 0, 0, 0, 0]"
https://www.tiktok.com/@lalalayayana,7207391497937784090,Lại Là Yaya Đây ,Mậnn,3,"[0, 0, 0, 0, 0, 0, 0, 0, 0, 0, 0, 0, 0, 0, 0, 0, 0, 0, 0, 0, 'View 2 replies', 0, 0, 0, 0, 0, 0, 0, 0, 0, 0, 0, 0, 0, 0, 'View 2 replies', 0, 0, 0, 0, 0, 0, 0, 0, 0, 0, 0, 0, 0, 0, 0, 0, 0, 0, 0, 0, 0, 0, 0, 0, 0, 0, 0, 0, 0, 0, 0, 0, 0, 0, 0, 0, 0, 0, 0, 0, 0, 0, 0, 0, 0, 0, 0, 0, 0, 0, 0, 0, 0, 0, 0, 0, 0, 0, 0, 0, 0, 0, 0, 0, 0, 0, 0, 0, 0, 0, 0, 0, 0, 0, 0, 0, 0, 0, 0, 0, 0, 0, 0, 0, 'View 1 more', 0, 0, 0, 0, 0, 0, 0, 0, 0, 0]"
https://www.tiktok.com/@nhatquang21033072,7207391497937784090,Khánh Linh ,Coi là hết bngu,0,"[0, 0, 0, 0, 0, 0, 0, 0, 0, 0, 0, 0, 0, 0, 0, 0, 0, 0, 0, 0, 'View 2 replies', 0, 0, 0, 0, 0, 0, 0, 0, 0, 0, 0, 0, 0, 0, 'View 2 replies', 0, 0, 0, 0, 0, 0, 0, 0, 0, 0, 0, 0, 0, 0, 0, 0, 0, 0, 0, 0, 0, 0, 0, 0, 0, 0, 0, 0, 0, 0, 0, 0, 0, 0, 0, 0, 0, 0, 0, 0, 0, 0, 0, 0, 0, 0, 0, 0, 0, 0, 0, 0, 0, 0, 0, 0, 0, 0, 0, 0, 0, 0, 0, 0, 0, 0, 0, 0, 0, 0, 0, 0, 0, 0, 0, 0, 0, 0, 0, 0, 0, 0, 0, 0, 'View 1 more', 0, 0, 0, 0, 0, 0, 0, 0, 0, 0]"
https://www.tiktok.com/@user34239761630315,7207391497937784090,user34239761630315 ,Coi là hết bngu,0,"[0, 0, 0, 0, 0, 0, 0, 0, 0, 0, 0, 0, 0, 0, 0, 0, 0, 0, 0, 0, 'View 2 replies', 0, 0, 0, 0, 0, 0, 0, 0, 0, 0, 0, 0, 0, 0, 'View 2 replies', 0, 0, 0, 0, 0, 0, 0, 0, 0, 0, 0, 0, 0, 0, 0, 0, 0, 0, 0, 0, 0, 0, 0, 0, 0, 0, 0, 0, 0, 0, 0, 0, 0, 0, 0, 0, 0, 0, 0, 0, 0, 0, 0, 0, 0, 0, 0, 0, 0, 0, 0, 0, 0, 0, 0, 0, 0, 0, 0, 0, 0, 0, 0, 0, 0, 0, 0, 0, 0, 0, 0, 0, 0, 0, 0, 0, 0, 0, 0, 0, 0, 0, 0, 0, 'View 1 more', 0, 0, 0, 0, 0, 0, 0, 0, 0, 0]"
https://www.tiktok.com/@thuhogpypy,7207391497937784090,Thu Hồng ,Coi cười muốn khùng,2,"[0, 0, 0, 0, 0, 0, 0, 0, 0, 0, 0, 0, 0, 0, 0, 0, 0, 0, 0, 0, 'View 2 replies', 0, 0, 0, 0, 0, 0, 0, 0, 0, 0, 0, 0, 0, 0, 'View 2 replies', 0, 0, 0, 0, 0, 0, 0, 0, 0, 0, 0, 0, 0, 0, 0, 0, 0, 0, 0, 0, 0, 0, 0, 0, 0, 0, 0, 0, 0, 0, 0, 0, 0, 0, 0, 0, 0, 0, 0, 0, 0, 0, 0, 0, 0, 0, 0, 0, 0, 0, 0, 0, 0, 0, 0, 0, 0, 0, 0, 0, 0, 0, 0, 0, 0, 0, 0, 0, 0, 0, 0, 0, 0, 0, 0, 0, 0, 0, 0, 0, 0, 0, 0, 0, 'View 1 more', 0, 0, 0, 0, 0, 0, 0, 0, 0, 0]"
https://www.tiktok.com/@jimmybell_0608,7207391497937784090,J.I.MM.Y..B.E.LL ❤️💚💛🫶🏼 ,Nay ông cuội có nọng r 😂😂😂,2,"[0, 0, 0, 0, 0, 0, 0, 0, 0, 0, 0, 0, 0, 0, 0, 0, 0, 0, 0, 0, 'View 2 replies', 0, 0, 0, 0, 0, 0, 0, 0, 0, 0, 0, 0, 0, 0, 'View 2 replies', 0, 0, 0, 0, 0, 0, 0, 0, 0, 0, 0, 0, 0, 0, 0, 0, 0, 0, 0, 0, 0, 0, 0, 0, 0, 0, 0, 0, 0, 0, 0, 0, 0, 0, 0, 0, 0, 0, 0, 0, 0, 0, 0, 0, 0, 0, 0, 0, 0, 0, 0, 0, 0, 0, 0, 0, 0, 0, 0, 0, 0, 0, 0, 0, 0, 0, 0, 0, 0, 0, 0, 0, 0, 0, 0, 0, 0, 0, 0, 0, 0, 0, 0, 0, 'View 1 more', 0, 0, 0, 0, 0, 0, 0, 0, 0, 0]"
https://www.tiktok.com/@nagi11051,7207391497937784090,Nagi🐭✨ ,lớp tao mỗi khi đứa nào mua j ăn kiểu :))))),3,"[0, 0, 0, 0, 0, 0, 0, 0, 0, 0, 0, 0, 0, 0, 0, 0, 0, 0, 0, 0, 'View 2 replies', 0, 0, 0, 0, 0, 0, 0, 0, 0, 0, 0, 0, 0, 0, 'View 2 replies', 0, 0, 0, 0, 0, 0, 0, 0, 0, 0, 0, 0, 0, 0, 0, 0, 0, 0, 0, 0, 0, 0, 0, 0, 0, 0, 0, 0, 0, 0, 0, 0, 0, 0, 0, 0, 0, 0, 0, 0, 0, 0, 0, 0, 0, 0, 0, 0, 0, 0, 0, 0, 0, 0, 0, 0, 0, 0, 0, 0, 0, 0, 0, 0, 0, 0, 0, 0, 0, 0, 0, 0, 0, 0, 0, 0, 0, 0, 0, 0, 0, 0, 0, 0, 'View 1 more', 0, 0, 0, 0, 0, 0, 0, 0, 0, 0]"
https://www.tiktok.com/@giacantr21032763,7207391497937784090,Giao Kiều ,Cười mệt luôn á,1,"[0, 0, 0, 0, 0, 0, 0, 0, 0, 0, 0, 0, 0, 0, 0, 0, 0, 0, 0, 0, 'View 2 replies', 0, 0, 0, 0, 0, 0, 0, 0, 0, 0, 0, 0, 0, 0, 'View 2 replies', 0, 0, 0, 0, 0, 0, 0, 0, 0, 0, 0, 0, 0, 0, 0, 0, 0, 0, 0, 0, 0, 0, 0, 0, 0, 0, 0, 0, 0, 0, 0, 0, 0, 0, 0, 0, 0, 0, 0, 0, 0, 0, 0, 0, 0, 0, 0, 0, 0, 0, 0, 0, 0, 0, 0, 0, 0, 0, 0, 0, 0, 0, 0, 0, 0, 0, 0, 0, 0, 0, 0, 0, 0, 0, 0, 0, 0, 0, 0, 0, 0, 0, 0, 0, 'View 1 more', 0, 0, 0, 0, 0, 0, 0, 0, 0, 0]"
https://www.tiktok.com/@thanhloitr21032210,7207391497937784090,Hồng Thư ,Xem cái quên luôn là mình đang thất tình,0,"[0, 0, 0, 0, 0, 0, 0, 0, 0, 0, 0, 0, 0, 0, 0, 0, 0, 0, 0, 0, 'View 2 replies', 0, 0, 0, 0, 0, 0, 0, 0, 0, 0, 0, 0, 0, 0, 'View 2 replies', 0, 0, 0, 0, 0, 0, 0, 0, 0, 0, 0, 0, 0, 0, 0, 0, 0, 0, 0, 0, 0, 0, 0, 0, 0, 0, 0, 0, 0, 0, 0, 0, 0, 0, 0, 0, 0, 0, 0, 0, 0, 0, 0, 0, 0, 0, 0, 0, 0, 0, 0, 0, 0, 0, 0, 0, 0, 0, 0, 0, 0, 0, 0, 0, 0, 0, 0, 0, 0, 0, 0, 0, 0, 0, 0, 0, 0, 0, 0, 0, 0, 0, 0, 0, 'View 1 more', 0, 0, 0, 0, 0, 0, 0, 0, 0, 0]"
https://www.tiktok.com/@thiengiang21032114,7207391497937784090,Kiều Minh ,coi giải trí,0,"[0, 0, 0, 0, 0, 0, 0, 0, 0, 0, 0, 0, 0, 0, 0, 0, 0, 0, 0, 0, 'View 2 replies', 0, 0, 0, 0, 0, 0, 0, 0, 0, 0, 0, 0, 0, 0, 'View 2 replies', 0, 0, 0, 0, 0, 0, 0, 0, 0, 0, 0, 0, 0, 0, 0, 0, 0, 0, 0, 0, 0, 0, 0, 0, 0, 0, 0, 0, 0, 0, 0, 0, 0, 0, 0, 0, 0, 0, 0, 0, 0, 0, 0, 0, 0, 0, 0, 0, 0, 0, 0, 0, 0, 0, 0, 0, 0, 0, 0, 0, 0, 0, 0, 0, 0, 0, 0, 0, 0, 0, 0, 0, 0, 0, 0, 0, 0, 0, 0, 0, 0, 0, 0, 0, 'View 1 more', 0, 0, 0, 0, 0, 0, 0, 0, 0, 0]"
https://www.tiktok.com/@thucdoan2103438,7207391497937784090,Khải Hà ,ra parody lun kìa kkk,0,"[0, 0, 0, 0, 0, 0, 0, 0, 0, 0, 0, 0, 0, 0, 0, 0, 0, 0, 0, 0, 'View 2 replies', 0, 0, 0, 0, 0, 0, 0, 0, 0, 0, 0, 0, 0, 0, 'View 2 replies', 0, 0, 0, 0, 0, 0, 0, 0, 0, 0, 0, 0, 0, 0, 0, 0, 0, 0, 0, 0, 0, 0, 0, 0, 0, 0, 0, 0, 0, 0, 0, 0, 0, 0, 0, 0, 0, 0, 0, 0, 0, 0, 0, 0, 0, 0, 0, 0, 0, 0, 0, 0, 0, 0, 0, 0, 0, 0, 0, 0, 0, 0, 0, 0, 0, 0, 0, 0, 0, 0, 0, 0, 0, 0, 0, 0, 0, 0, 0, 0, 0, 0, 0, 0, 'View 1 more', 0, 0, 0, 0, 0, 0, 0, 0, 0, 0]"
https://www.tiktok.com/@khanhlinh2103560,7207391497937784090,Kiều Khanh ,cái này hay nè,0,"[0, 0, 0, 0, 0, 0, 0, 0, 0, 0, 0, 0, 0, 0, 0, 0, 0, 0, 0, 0, 'View 2 replies', 0, 0, 0, 0, 0, 0, 0, 0, 0, 0, 0, 0, 0, 0, 'View 2 replies', 0, 0, 0, 0, 0, 0, 0, 0, 0, 0, 0, 0, 0, 0, 0, 0, 0, 0, 0, 0, 0, 0, 0, 0, 0, 0, 0, 0, 0, 0, 0, 0, 0, 0, 0, 0, 0, 0, 0, 0, 0, 0, 0, 0, 0, 0, 0, 0, 0, 0, 0, 0, 0, 0, 0, 0, 0, 0, 0, 0, 0, 0, 0, 0, 0, 0, 0, 0, 0, 0, 0, 0, 0, 0, 0, 0, 0, 0, 0, 0, 0, 0, 0, 0, 'View 1 more', 0, 0, 0, 0, 0, 0, 0, 0, 0, 0]"
https://www.tiktok.com/@khanhlinh52522,7207391497937784090,Khánh Linh ,SƠ HỞ LÀ LÀM TRÚA HỀ,0,"[0, 0, 0, 0, 0, 0, 0, 0, 0, 0, 0, 0, 0, 0, 0, 0, 0, 0, 0, 0, 'View 2 replies', 0, 0, 0, 0, 0, 0, 0, 0, 0, 0, 0, 0, 0, 0, 'View 2 replies', 0, 0, 0, 0, 0, 0, 0, 0, 0, 0, 0, 0, 0, 0, 0, 0, 0, 0, 0, 0, 0, 0, 0, 0, 0, 0, 0, 0, 0, 0, 0, 0, 0, 0, 0, 0, 0, 0, 0, 0, 0, 0, 0, 0, 0, 0, 0, 0, 0, 0, 0, 0, 0, 0, 0, 0, 0, 0, 0, 0, 0, 0, 0, 0, 0, 0, 0, 0, 0, 0, 0, 0, 0, 0, 0, 0, 0, 0, 0, 0, 0, 0, 0, 0, 'View 1 more', 0, 0, 0, 0, 0, 0, 0, 0, 0, 0]"
https://www.tiktok.com/@khanhha584w,7207391497937784090,Khánh Hà ,Quá chời r,0,"[0, 0, 0, 0, 0, 0, 0, 0, 0, 0, 0, 0, 0, 0, 0, 0, 0, 0, 0, 0, 'View 2 replies', 0, 0, 0, 0, 0, 0, 0, 0, 0, 0, 0, 0, 0, 0, 'View 2 replies', 0, 0, 0, 0, 0, 0, 0, 0, 0, 0, 0, 0, 0, 0, 0, 0, 0, 0, 0, 0, 0, 0, 0, 0, 0, 0, 0, 0, 0, 0, 0, 0, 0, 0, 0, 0, 0, 0, 0, 0, 0, 0, 0, 0, 0, 0, 0, 0, 0, 0, 0, 0, 0, 0, 0, 0, 0, 0, 0, 0, 0, 0, 0, 0, 0, 0, 0, 0, 0, 0, 0, 0, 0, 0, 0, 0, 0, 0, 0, 0, 0, 0, 0, 0, 'View 1 more', 0, 0, 0, 0, 0, 0, 0, 0, 0, 0]"
https://www.tiktok.com/@user1452001888374,7207391497937784090,Lý Việt Yến ,cái này hay nè,0,"[0, 0, 0, 0, 0, 0, 0, 0, 0, 0, 0, 0, 0, 0, 0, 0, 0, 0, 0, 0, 'View 2 replies', 0, 0, 0, 0, 0, 0, 0, 0, 0, 0, 0, 0, 0, 0, 'View 2 replies', 0, 0, 0, 0, 0, 0, 0, 0, 0, 0, 0, 0, 0, 0, 0, 0, 0, 0, 0, 0, 0, 0, 0, 0, 0, 0, 0, 0, 0, 0, 0, 0, 0, 0, 0, 0, 0, 0, 0, 0, 0, 0, 0, 0, 0, 0, 0, 0, 0, 0, 0, 0, 0, 0, 0, 0, 0, 0, 0, 0, 0, 0, 0, 0, 0, 0, 0, 0, 0, 0, 0, 0, 0, 0, 0, 0, 0, 0, 0, 0, 0, 0, 0, 0, 'View 1 more', 0, 0, 0, 0, 0, 0, 0, 0, 0, 0]"
https://www.tiktok.com/@user4761229696584,7207391497937784090,Đỗ Hoàng Oanh ,Cười mệt luôn á,0,"[0, 0, 0, 0, 0, 0, 0, 0, 0, 0, 0, 0, 0, 0, 0, 0, 0, 0, 0, 0, 'View 2 replies', 0, 0, 0, 0, 0, 0, 0, 0, 0, 0, 0, 0, 0, 0, 'View 2 replies', 0, 0, 0, 0, 0, 0, 0, 0, 0, 0, 0, 0, 0, 0, 0, 0, 0, 0, 0, 0, 0, 0, 0, 0, 0, 0, 0, 0, 0, 0, 0, 0, 0, 0, 0, 0, 0, 0, 0, 0, 0, 0, 0, 0, 0, 0, 0, 0, 0, 0, 0, 0, 0, 0, 0, 0, 0, 0, 0, 0, 0, 0, 0, 0, 0, 0, 0, 0, 0, 0, 0, 0, 0, 0, 0, 0, 0, 0, 0, 0, 0, 0, 0, 0, 'View 1 more', 0, 0, 0, 0, 0, 0, 0, 0, 0, 0]"
https://www.tiktok.com/@user8820518523174,7207391497937784090,Võ Liêu Danh ,ra parody lun kìa kkk,0,"[0, 0, 0, 0, 0, 0, 0, 0, 0, 0, 0, 0, 0, 0, 0, 0, 0, 0, 0, 0, 'View 2 replies', 0, 0, 0, 0, 0, 0, 0, 0, 0, 0, 0, 0, 0, 0, 'View 2 replies', 0, 0, 0, 0, 0, 0, 0, 0, 0, 0, 0, 0, 0, 0, 0, 0, 0, 0, 0, 0, 0, 0, 0, 0, 0, 0, 0, 0, 0, 0, 0, 0, 0, 0, 0, 0, 0, 0, 0, 0, 0, 0, 0, 0, 0, 0, 0, 0, 0, 0, 0, 0, 0, 0, 0, 0, 0, 0, 0, 0, 0, 0, 0, 0, 0, 0, 0, 0, 0, 0, 0, 0, 0, 0, 0, 0, 0, 0, 0, 0, 0, 0, 0, 0, 'View 1 more', 0, 0, 0, 0, 0, 0, 0, 0, 0, 0]"
https://www.tiktok.com/@user2330196616934,7207391497937784090,Nguyễn NHƯ Mai ,Warrior siu ngon lun ạ,0,"[0, 0, 0, 0, 0, 0, 0, 0, 0, 0, 0, 0, 0, 0, 0, 0, 0, 0, 0, 0, 'View 2 replies', 0, 0, 0, 0, 0, 0, 0, 0, 0, 0, 0, 0, 0, 0, 'View 2 replies', 0, 0, 0, 0, 0, 0, 0, 0, 0, 0, 0, 0, 0, 0, 0, 0, 0, 0, 0, 0, 0, 0, 0, 0, 0, 0, 0, 0, 0, 0, 0, 0, 0, 0, 0, 0, 0, 0, 0, 0, 0, 0, 0, 0, 0, 0, 0, 0, 0, 0, 0, 0, 0, 0, 0, 0, 0, 0, 0, 0, 0, 0, 0, 0, 0, 0, 0, 0, 0, 0, 0, 0, 0, 0, 0, 0, 0, 0, 0, 0, 0, 0, 0, 0, 'View 1 more', 0, 0, 0, 0, 0, 0, 0, 0, 0, 0]"
https://www.tiktok.com/@egikyrezy,7207391497937784090,Mỹ Hạnh ,Chế lại hài xĩu,2,"[0, 0, 0, 0, 0, 0, 0, 0, 0, 0, 0, 0, 0, 0, 0, 0, 0, 0, 0, 0, 'View 2 replies', 0, 0, 0, 0, 0, 0, 0, 0, 0, 0, 0, 0, 0, 0, 'View 2 replies', 0, 0, 0, 0, 0, 0, 0, 0, 0, 0, 0, 0, 0, 0, 0, 0, 0, 0, 0, 0, 0, 0, 0, 0, 0, 0, 0, 0, 0, 0, 0, 0, 0, 0, 0, 0, 0, 0, 0, 0, 0, 0, 0, 0, 0, 0, 0, 0, 0, 0, 0, 0, 0, 0, 0, 0, 0, 0, 0, 0, 0, 0, 0, 0, 0, 0, 0, 0, 0, 0, 0, 0, 0, 0, 0, 0, 0, 0, 0, 0, 0, 0, 0, 0, 'View 1 more', 0, 0, 0, 0, 0, 0, 0, 0, 0, 0]"
https://www.tiktok.com/@oxogytu,7207391497937784090,Thuỳ Linh ,ở TG còn nghe thấy mn cười 😂,2,"[0, 0, 0, 0, 0, 0, 0, 0, 0, 0, 0, 0, 0, 0, 0, 0, 0, 0, 0, 0, 'View 2 replies', 0, 0, 0, 0, 0, 0, 0, 0, 0, 0, 0, 0, 0, 0, 'View 2 replies', 0, 0, 0, 0, 0, 0, 0, 0, 0, 0, 0, 0, 0, 0, 0, 0, 0, 0, 0, 0, 0, 0, 0, 0, 0, 0, 0, 0, 0, 0, 0, 0, 0, 0, 0, 0, 0, 0, 0, 0, 0, 0, 0, 0, 0, 0, 0, 0, 0, 0, 0, 0, 0, 0, 0, 0, 0, 0, 0, 0, 0, 0, 0, 0, 0, 0, 0, 0, 0, 0, 0, 0, 0, 0, 0, 0, 0, 0, 0, 0, 0, 0, 0, 0, 'View 1 more', 0, 0, 0, 0, 0, 0, 0, 0, 0, 0]"
https://www.tiktok.com/@nybox_,7207391497937784090,Tí Racing ,Coi cả chục lần vẫn cười ẻ,2,"[0, 0, 0, 0, 0, 0, 0, 0, 0, 0, 0, 0, 0, 0, 0, 0, 0, 0, 0, 0, 'View 2 replies', 0, 0, 0, 0, 0, 0, 0, 0, 0, 0, 0, 0, 0, 0, 'View 2 replies', 0, 0, 0, 0, 0, 0, 0, 0, 0, 0, 0, 0, 0, 0, 0, 0, 0, 0, 0, 0, 0, 0, 0, 0, 0, 0, 0, 0, 0, 0, 0, 0, 0, 0, 0, 0, 0, 0, 0, 0, 0, 0, 0, 0, 0, 0, 0, 0, 0, 0, 0, 0, 0, 0, 0, 0, 0, 0, 0, 0, 0, 0, 0, 0, 0, 0, 0, 0, 0, 0, 0, 0, 0, 0, 0, 0, 0, 0, 0, 0, 0, 0, 0, 0, 'View 1 more', 0, 0, 0, 0, 0, 0, 0, 0, 0, 0]"
https://www.tiktok.com/@iratran18,7207391497937784090,An Võ ,Cuoi k nhat dc mom luon,2,"[0, 0, 0, 0, 0, 0, 0, 0, 0, 0, 0, 0, 0, 0, 0, 0, 0, 0, 0, 0, 'View 2 replies', 0, 0, 0, 0, 0, 0, 0, 0, 0, 0, 0, 0, 0, 0, 'View 2 replies', 0, 0, 0, 0, 0, 0, 0, 0, 0, 0, 0, 0, 0, 0, 0, 0, 0, 0, 0, 0, 0, 0, 0, 0, 0, 0, 0, 0, 0, 0, 0, 0, 0, 0, 0, 0, 0, 0, 0, 0, 0, 0, 0, 0, 0, 0, 0, 0, 0, 0, 0, 0, 0, 0, 0, 0, 0, 0, 0, 0, 0, 0, 0, 0, 0, 0, 0, 0, 0, 0, 0, 0, 0, 0, 0, 0, 0, 0, 0, 0, 0, 0, 0, 0, 'View 1 more', 0, 0, 0, 0, 0, 0, 0, 0, 0, 0]"
https://www.tiktok.com/@vinhkien574608,7207391497937784090,Vĩnh Kiên Trần ,thấy idol có khiếu qua làm hề gòi é,2,"[0, 0, 0, 0, 0, 0, 0, 0, 0, 0, 0, 0, 0, 0, 0, 0, 0, 0, 0, 0, 'View 2 replies', 0, 0, 0, 0, 0, 0, 0, 0, 0, 0, 0, 0, 0, 0, 'View 2 replies', 0, 0, 0, 0, 0, 0, 0, 0, 0, 0, 0, 0, 0, 0, 0, 0, 0, 0, 0, 0, 0, 0, 0, 0, 0, 0, 0, 0, 0, 0, 0, 0, 0, 0, 0, 0, 0, 0, 0, 0, 0, 0, 0, 0, 0, 0, 0, 0, 0, 0, 0, 0, 0, 0, 0, 0, 0, 0, 0, 0, 0, 0, 0, 0, 0, 0, 0, 0, 0, 0, 0, 0, 0, 0, 0, 0, 0, 0, 0, 0, 0, 0, 0, 0, 'View 1 more', 0, 0, 0, 0, 0, 0, 0, 0, 0, 0]"
https://www.tiktok.com/@khoahung_,7207391497937784090,Hùng Khoa ,thấy idol có khiếu qua làm hề gòi é,2,"[0, 0, 0, 0, 0, 0, 0, 0, 0, 0, 0, 0, 0, 0, 0, 0, 0, 0, 0, 0, 'View 2 replies', 0, 0, 0, 0, 0, 0, 0, 0, 0, 0, 0, 0, 0, 0, 'View 2 replies', 0, 0, 0, 0, 0, 0, 0, 0, 0, 0, 0, 0, 0, 0, 0, 0, 0, 0, 0, 0, 0, 0, 0, 0, 0, 0, 0, 0, 0, 0, 0, 0, 0, 0, 0, 0, 0, 0, 0, 0, 0, 0, 0, 0, 0, 0, 0, 0, 0, 0, 0, 0, 0, 0, 0, 0, 0, 0, 0, 0, 0, 0, 0, 0, 0, 0, 0, 0, 0, 0, 0, 0, 0, 0, 0, 0, 0, 0, 0, 0, 0, 0, 0, 0, 'View 1 more', 0, 0, 0, 0, 0, 0, 0, 0, 0, 0]"
https://www.tiktok.com/@truclan560,7207391497937784090,Trúc Lan ,Kkk,0,"[0, 0, 0, 0, 0, 0, 0, 0, 0, 0, 0, 0, 0, 0, 0, 0, 0, 0, 0, 0, 'View 2 replies', 0, 0, 0, 0, 0, 0, 0, 0, 0, 0, 0, 0, 0, 0, 'View 2 replies', 0, 0, 0, 0, 0, 0, 0, 0, 0, 0, 0, 0, 0, 0, 0, 0, 0, 0, 0, 0, 0, 0, 0, 0, 0, 0, 0, 0, 0, 0, 0, 0, 0, 0, 0, 0, 0, 0, 0, 0, 0, 0, 0, 0, 0, 0, 0, 0, 0, 0, 0, 0, 0, 0, 0, 0, 0, 0, 0, 0, 0, 0, 0, 0, 0, 0, 0, 0, 0, 0, 0, 0, 0, 0, 0, 0, 0, 0, 0, 0, 0, 0, 0, 0, 'View 1 more', 0, 0, 0, 0, 0, 0, 0, 0, 0, 0]"
https://www.tiktok.com/@ml0999,7207391497937784090,CHUỐI🍌GIÁC NGỘ ,Ăn là bt chia soẽ chứ a😂😂,12,"[0, 0, 0, 0, 0, 0, 0, 0, 0, 0, 0, 0, 0, 0, 0, 0, 0, 0, 0, 0, 'View 2 replies', 0, 0, 0, 0, 0, 0, 0, 0, 0, 0, 0, 0, 0, 0, 'View 2 replies', 0, 0, 0, 0, 0, 0, 0, 0, 0, 0, 0, 0, 0, 0, 0, 0, 0, 0, 0, 0, 0, 0, 0, 0, 0, 0, 0, 0, 0, 0, 0, 0, 0, 0, 0, 0, 0, 0, 0, 0, 0, 0, 0, 0, 0, 0, 0, 0, 0, 0, 0, 0, 0, 0, 0, 0, 0, 0, 0, 0, 0, 0, 0, 0, 0, 0, 0, 0, 0, 0, 0, 0, 0, 0, 0, 0, 0, 0, 0, 0, 0, 0, 0, 0, 'View 1 more', 0, 0, 0, 0, 0, 0, 0, 0, 0, 0]"
https://www.tiktok.com/@hs12338,7207391497937784090,HS ,Ủa bộ không có tiền mua đồ ăn hay gì😏,1,"[0, 0, 0, 0, 0, 0, 0, 0, 0, 0, 0, 0, 0, 0, 0, 0, 0, 0, 0, 0, 'View 2 replies', 0, 0, 0, 0, 0, 0, 0, 0, 0, 0, 0, 0, 0, 0, 'View 2 replies', 0, 0, 0, 0, 0, 0, 0, 0, 0, 0, 0, 0, 0, 0, 0, 0, 0, 0, 0, 0, 0, 0, 0, 0, 0, 0, 0, 0, 0, 0, 0, 0, 0, 0, 0, 0, 0, 0, 0, 0, 0, 0, 0, 0, 0, 0, 0, 0, 0, 0, 0, 0, 0, 0, 0, 0, 0, 0, 0, 0, 0, 0, 0, 0, 0, 0, 0, 0, 0, 0, 0, 0, 0, 0, 0, 0, 0, 0, 0, 0, 0, 0, 0, 0, 'View 1 more', 0, 0, 0, 0, 0, 0, 0, 0, 0, 0]"
https://www.tiktok.com/@luongthingocha_230,7207391497937784090,^Ngazn_Hz_🍧 ,Zchanel fake hẻ,3,"[0, 0, 0, 0, 0, 0, 0, 0, 0, 0, 0, 0, 0, 0, 0, 0, 0, 0, 0, 0, 'View 2 replies', 0, 0, 0, 0, 0, 0, 0, 0, 0, 0, 0, 0, 0, 0, 'View 2 replies', 0, 0, 0, 0, 0, 0, 0, 0, 0, 0, 0, 0, 0, 0, 0, 0, 0, 0, 0, 0, 0, 0, 0, 0, 0, 0, 0, 0, 0, 0, 0, 0, 0, 0, 0, 0, 0, 0, 0, 0, 0, 0, 0, 0, 0, 0, 0, 0, 0, 0, 0, 0, 0, 0, 0, 0, 0, 0, 0, 0, 0, 0, 0, 0, 0, 0, 0, 0, 0, 0, 0, 0, 0, 0, 0, 0, 0, 0, 0, 0, 0, 0, 0, 0, 'View 1 more', 0, 0, 0, 0, 0, 0, 0, 0, 0, 0]"
https://www.tiktok.com/@kh0a07,7207391497937784090,𝘒𝘩𝘰𝘢🔥 ,7tl của schanel:)),2,"[0, 0, 0, 0, 0, 0, 0, 0, 0, 0, 0, 0, 0, 0, 0, 0, 0, 0, 0, 0, 'View 2 replies', 0, 0, 0, 0, 0, 0, 0, 0, 0, 0, 0, 0, 0, 0, 'View 2 replies', 0, 0, 0, 0, 0, 0, 0, 0, 0, 0, 0, 0, 0, 0, 0, 0, 0, 0, 0, 0, 0, 0, 0, 0, 0, 0, 0, 0, 0, 0, 0, 0, 0, 0, 0, 0, 0, 0, 0, 0, 0, 0, 0, 0, 0, 0, 0, 0, 0, 0, 0, 0, 0, 0, 0, 0, 0, 0, 0, 0, 0, 0, 0, 0, 0, 0, 0, 0, 0, 0, 0, 0, 0, 0, 0, 0, 0, 0, 0, 0, 0, 0, 0, 0, 'View 1 more', 0, 0, 0, 0, 0, 0, 0, 0, 0, 0]"
https://www.tiktok.com/@obybat,7207391497937784090,Bảo Tú ,Coi cười banh nhà,2,"[0, 0, 0, 0, 0, 0, 0, 0, 0, 0, 0, 0, 0, 0, 0, 0, 0, 0, 0, 0, 'View 2 replies', 0, 0, 0, 0, 0, 0, 0, 0, 0, 0, 0, 0, 0, 0, 'View 2 replies', 0, 0, 0, 0, 0, 0, 0, 0, 0, 0, 0, 0, 0, 0, 0, 0, 0, 0, 0, 0, 0, 0, 0, 0, 0, 0, 0, 0, 0, 0, 0, 0, 0, 0, 0, 0, 0, 0, 0, 0, 0, 0, 0, 0, 0, 0, 0, 0, 0, 0, 0, 0, 0, 0, 0, 0, 0, 0, 0, 0, 0, 0, 0, 0, 0, 0, 0, 0, 0, 0, 0, 0, 0, 0, 0, 0, 0, 0, 0, 0, 0, 0, 0, 0, 'View 1 more', 0, 0, 0, 0, 0, 0, 0, 0, 0, 0]"
https://www.tiktok.com/@okcondek,7207391497937784090,Dương Ánh Tuyết ,Làn đầu mới thấy parody hay như z,2,"[0, 0, 0, 0, 0, 0, 0, 0, 0, 0, 0, 0, 0, 0, 0, 0, 0, 0, 0, 0, 'View 2 replies', 0, 0, 0, 0, 0, 0, 0, 0, 0, 0, 0, 0, 0, 0, 'View 2 replies', 0, 0, 0, 0, 0, 0, 0, 0, 0, 0, 0, 0, 0, 0, 0, 0, 0, 0, 0, 0, 0, 0, 0, 0, 0, 0, 0, 0, 0, 0, 0, 0, 0, 0, 0, 0, 0, 0, 0, 0, 0, 0, 0, 0, 0, 0, 0, 0, 0, 0, 0, 0, 0, 0, 0, 0, 0, 0, 0, 0, 0, 0, 0, 0, 0, 0, 0, 0, 0, 0, 0, 0, 0, 0, 0, 0, 0, 0, 0, 0, 0, 0, 0, 0, 'View 1 more', 0, 0, 0, 0, 0, 0, 0, 0, 0, 0]"
https://www.tiktok.com/@ukuosoruc,7207391497937784090,Bùi Trí Vĩ ,Hài hước,2,"[0, 0, 0, 0, 0, 0, 0, 0, 0, 0, 0, 0, 0, 0, 0, 0, 0, 0, 0, 0, 'View 2 replies', 0, 0, 0, 0, 0, 0, 0, 0, 0, 0, 0, 0, 0, 0, 'View 2 replies', 0, 0, 0, 0, 0, 0, 0, 0, 0, 0, 0, 0, 0, 0, 0, 0, 0, 0, 0, 0, 0, 0, 0, 0, 0, 0, 0, 0, 0, 0, 0, 0, 0, 0, 0, 0, 0, 0, 0, 0, 0, 0, 0, 0, 0, 0, 0, 0, 0, 0, 0, 0, 0, 0, 0, 0, 0, 0, 0, 0, 0, 0, 0, 0, 0, 0, 0, 0, 0, 0, 0, 0, 0, 0, 0, 0, 0, 0, 0, 0, 0, 0, 0, 0, 'View 1 more', 0, 0, 0, 0, 0, 0, 0, 0, 0, 0]"
https://www.tiktok.com/@edna2011fdn,7207391497937784090,Mood 😉😉😉 ,Thui bữa sau ở nhà ăn cho lành anh ah,2,"[0, 0, 0, 0, 0, 0, 0, 0, 0, 0, 0, 0, 0, 0, 0, 0, 0, 0, 0, 0, 'View 2 replies', 0, 0, 0, 0, 0, 0, 0, 0, 0, 0, 0, 0, 0, 0, 'View 2 replies', 0, 0, 0, 0, 0, 0, 0, 0, 0, 0, 0, 0, 0, 0, 0, 0, 0, 0, 0, 0, 0, 0, 0, 0, 0, 0, 0, 0, 0, 0, 0, 0, 0, 0, 0, 0, 0, 0, 0, 0, 0, 0, 0, 0, 0, 0, 0, 0, 0, 0, 0, 0, 0, 0, 0, 0, 0, 0, 0, 0, 0, 0, 0, 0, 0, 0, 0, 0, 0, 0, 0, 0, 0, 0, 0, 0, 0, 0, 0, 0, 0, 0, 0, 0, 'View 1 more', 0, 0, 0, 0, 0, 0, 0, 0, 0, 0]"
https://www.tiktok.com/@surichan170,7207391497937784090,🌻수리 트란🌻 ,Thật độc lạ Bình Dương đó mà😅,4,"[0, 0, 0, 0, 0, 0, 0, 0, 0, 0, 0, 0, 0, 0, 0, 0, 0, 0, 0, 0, 'View 2 replies', 0, 0, 0, 0, 0, 0, 0, 0, 0, 0, 0, 0, 0, 0, 'View 2 replies', 0, 0, 0, 0, 0, 0, 0, 0, 0, 0, 0, 0, 0, 0, 0, 0, 0, 0, 0, 0, 0, 0, 0, 0, 0, 0, 0, 0, 0, 0, 0, 0, 0, 0, 0, 0, 0, 0, 0, 0, 0, 0, 0, 0, 0, 0, 0, 0, 0, 0, 0, 0, 0, 0, 0, 0, 0, 0, 0, 0, 0, 0, 0, 0, 0, 0, 0, 0, 0, 0, 0, 0, 0, 0, 0, 0, 0, 0, 0, 0, 0, 0, 0, 0, 'View 1 more', 0, 0, 0, 0, 0, 0, 0, 0, 0, 0]"
https://www.tiktok.com/@honganhkuti,7207391497937784090,Hồng Ánh kuti ,rep em đi anh,2,"[0, 0, 0, 0, 0, 0, 0, 0, 0, 0, 0, 0, 0, 0, 0, 0, 0, 0, 0, 0, 'View 2 replies', 0, 0, 0, 0, 0, 0, 0, 0, 0, 0, 0, 0, 0, 0, 'View 2 replies', 0, 0, 0, 0, 0, 0, 0, 0, 0, 0, 0, 0, 0, 0, 0, 0, 0, 0, 0, 0, 0, 0, 0, 0, 0, 0, 0, 0, 0, 0, 0, 0, 0, 0, 0, 0, 0, 0, 0, 0, 0, 0, 0, 0, 0, 0, 0, 0, 0, 0, 0, 0, 0, 0, 0, 0, 0, 0, 0, 0, 0, 0, 0, 0, 0, 0, 0, 0, 0, 0, 0, 0, 0, 0, 0, 0, 0, 0, 0, 0, 0, 0, 0, 0, 'View 1 more', 0, 0, 0, 0, 0, 0, 0, 0, 0, 0]"
https://www.tiktok.com/@fanblackpink.7,7207391497937784090,🥀[𝘽𝙡𝙞𝙣𝙠]🧸𝙝𝙖𝙣𝙣𝙖✨ ,rep em ik anh,3,"[0, 0, 0, 0, 0, 0, 0, 0, 0, 0, 0, 0, 0, 0, 0, 0, 0, 0, 0, 0, 'View 2 replies', 0, 0, 0, 0, 0, 0, 0, 0, 0, 0, 0, 0, 0, 0, 'View 2 replies', 0, 0, 0, 0, 0, 0, 0, 0, 0, 0, 0, 0, 0, 0, 0, 0, 0, 0, 0, 0, 0, 0, 0, 0, 0, 0, 0, 0, 0, 0, 0, 0, 0, 0, 0, 0, 0, 0, 0, 0, 0, 0, 0, 0, 0, 0, 0, 0, 0, 0, 0, 0, 0, 0, 0, 0, 0, 0, 0, 0, 0, 0, 0, 0, 0, 0, 0, 0, 0, 0, 0, 0, 0, 0, 0, 0, 0, 0, 0, 0, 0, 0, 0, 0, 'View 1 more', 0, 0, 0, 0, 0, 0, 0, 0, 0, 0]"
https://www.tiktok.com/@hynnye.esshntrnoiwa,7207391497937784090,🌷🔥 ,đầu nè anh oiiii,3,"[0, 0, 0, 0, 0, 0, 0, 0, 0, 0, 0, 0, 0, 0, 0, 0, 0, 0, 0, 0, 'View 2 replies', 0, 0, 0, 0, 0, 0, 0, 0, 0, 0, 0, 0, 0, 0, 'View 2 replies', 0, 0, 0, 0, 0, 0, 0, 0, 0, 0, 0, 0, 0, 0, 0, 0, 0, 0, 0, 0, 0, 0, 0, 0, 0, 0, 0, 0, 0, 0, 0, 0, 0, 0, 0, 0, 0, 0, 0, 0, 0, 0, 0, 0, 0, 0, 0, 0, 0, 0, 0, 0, 0, 0, 0, 0, 0, 0, 0, 0, 0, 0, 0, 0, 0, 0, 0, 0, 0, 0, 0, 0, 0, 0, 0, 0, 0, 0, 0, 0, 0, 0, 0, 0, 'View 1 more', 0, 0, 0, 0, 0, 0, 0, 0, 0, 0]"
https://www.tiktok.com/@phongchautr2103537,7207391497937784090,Hồng Phúc ,🙂,0,"[0, 0, 0, 0, 0, 0, 0, 0, 0, 0, 0, 0, 0, 0, 0, 0, 0, 0, 0, 0, 'View 2 replies', 0, 0, 0, 0, 0, 0, 0, 0, 0, 0, 0, 0, 0, 0, 'View 2 replies', 0, 0, 0, 0, 0, 0, 0, 0, 0, 0, 0, 0, 0, 0, 0, 0, 0, 0, 0, 0, 0, 0, 0, 0, 0, 0, 0, 0, 0, 0, 0, 0, 0, 0, 0, 0, 0, 0, 0, 0, 0, 0, 0, 0, 0, 0, 0, 0, 0, 0, 0, 0, 0, 0, 0, 0, 0, 0, 0, 0, 0, 0, 0, 0, 0, 0, 0, 0, 0, 0, 0, 0, 0, 0, 0, 0, 0, 0, 0, 0, 0, 0, 0, 0, 'View 1 more', 0, 0, 0, 0, 0, 0, 0, 0, 0, 0]"
https://www.tiktok.com/@user1452001888374,7207391497937784090,Lý Việt Yến ,🙂,0,"[0, 0, 0, 0, 0, 0, 0, 0, 0, 0, 0, 0, 0, 0, 0, 0, 0, 0, 0, 0, 'View 2 replies', 0, 0, 0, 0, 0, 0, 0, 0, 0, 0, 0, 0, 0, 0, 'View 2 replies', 0, 0, 0, 0, 0, 0, 0, 0, 0, 0, 0, 0, 0, 0, 0, 0, 0, 0, 0, 0, 0, 0, 0, 0, 0, 0, 0, 0, 0, 0, 0, 0, 0, 0, 0, 0, 0, 0, 0, 0, 0, 0, 0, 0, 0, 0, 0, 0, 0, 0, 0, 0, 0, 0, 0, 0, 0, 0, 0, 0, 0, 0, 0, 0, 0, 0, 0, 0, 0, 0, 0, 0, 0, 0, 0, 0, 0, 0, 0, 0, 0, 0, 0, 0, 'View 1 more', 0, 0, 0, 0, 0, 0, 0, 0, 0, 0]"
https://www.tiktok.com/@jyp72171wck,7207391497937784090,星星的梦 ,🥰🥰,2,"[0, 0, 0, 0, 0, 0, 0, 0, 0, 0, 0, 0, 0, 0, 0, 0, 0, 0, 0, 0, 'View 2 replies', 0, 0, 0, 0, 0, 0, 0, 0, 0, 0, 0, 0, 0, 0, 'View 2 replies', 0, 0, 0, 0, 0, 0, 0, 0, 0, 0, 0, 0, 0, 0, 0, 0, 0, 0, 0, 0, 0, 0, 0, 0, 0, 0, 0, 0, 0, 0, 0, 0, 0, 0, 0, 0, 0, 0, 0, 0, 0, 0, 0, 0, 0, 0, 0, 0, 0, 0, 0, 0, 0, 0, 0, 0, 0, 0, 0, 0, 0, 0, 0, 0, 0, 0, 0, 0, 0, 0, 0, 0, 0, 0, 0, 0, 0, 0, 0, 0, 0, 0, 0, 0, 'View 1 more', 0, 0, 0, 0, 0, 0, 0, 0, 0, 0]"
https://www.tiktok.com/@trankienhuy22,7207391497937784090,Huy Trần ,dui qua di,2,"[0, 0, 0, 0, 0, 0, 0, 0, 0, 0, 0, 0, 0, 0, 0, 0, 0, 0, 0, 0, 'View 2 replies', 0, 0, 0, 0, 0, 0, 0, 0, 0, 0, 0, 0, 0, 0, 'View 2 replies', 0, 0, 0, 0, 0, 0, 0, 0, 0, 0, 0, 0, 0, 0, 0, 0, 0, 0, 0, 0, 0, 0, 0, 0, 0, 0, 0, 0, 0, 0, 0, 0, 0, 0, 0, 0, 0, 0, 0, 0, 0, 0, 0, 0, 0, 0, 0, 0, 0, 0, 0, 0, 0, 0, 0, 0, 0, 0, 0, 0, 0, 0, 0, 0, 0, 0, 0, 0, 0, 0, 0, 0, 0, 0, 0, 0, 0, 0, 0, 0, 0, 0, 0, 0, 'View 1 more', 0, 0, 0, 0, 0, 0, 0, 0, 0, 0]"
https://www.tiktok.com/@lalalayayana,7207391497937784090,Lại Là Yaya Đây ,Mậnn,3,"[0, 0, 0, 0, 0, 0, 0, 0, 0, 0, 0, 0, 0, 0, 0, 0, 0, 0, 0, 0, 'View 2 replies', 0, 0, 0, 0, 0, 0, 0, 0, 0, 0, 0, 0, 0, 0, 'View 2 replies', 0, 0, 0, 0, 0, 0, 0, 0, 0, 0, 0, 0, 0, 0, 0, 0, 0, 0, 0, 0, 0, 0, 0, 0, 0, 0, 0, 0, 0, 0, 0, 0, 0, 0, 0, 0, 0, 0, 0, 0, 0, 0, 0, 0, 0, 0, 0, 0, 0, 0, 0, 0, 0, 0, 0, 0, 0, 0, 0, 0, 0, 0, 0, 0, 0, 0, 0, 0, 0, 0, 0, 0, 0, 0, 0, 0, 0, 0, 0, 0, 0, 0, 0, 0, 'View 1 more', 0, 0, 0, 0, 0, 0, 0, 0, 0, 0]"
https://www.tiktok.com/@nhatquang21033072,7207391497937784090,Khánh Linh ,Coi là hết bngu,0,"[0, 0, 0, 0, 0, 0, 0, 0, 0, 0, 0, 0, 0, 0, 0, 0, 0, 0, 0, 0, 'View 2 replies', 0, 0, 0, 0, 0, 0, 0, 0, 0, 0, 0, 0, 0, 0, 'View 2 replies', 0, 0, 0, 0, 0, 0, 0, 0, 0, 0, 0, 0, 0, 0, 0, 0, 0, 0, 0, 0, 0, 0, 0, 0, 0, 0, 0, 0, 0, 0, 0, 0, 0, 0, 0, 0, 0, 0, 0, 0, 0, 0, 0, 0, 0, 0, 0, 0, 0, 0, 0, 0, 0, 0, 0, 0, 0, 0, 0, 0, 0, 0, 0, 0, 0, 0, 0, 0, 0, 0, 0, 0, 0, 0, 0, 0, 0, 0, 0, 0, 0, 0, 0, 0, 'View 1 more', 0, 0, 0, 0, 0, 0, 0, 0, 0, 0]"
https://www.tiktok.com/@user34239761630315,7207391497937784090,user34239761630315 ,Coi là hết bngu,0,"[0, 0, 0, 0, 0, 0, 0, 0, 0, 0, 0, 0, 0, 0, 0, 0, 0, 0, 0, 0, 'View 2 replies', 0, 0, 0, 0, 0, 0, 0, 0, 0, 0, 0, 0, 0, 0, 'View 2 replies', 0, 0, 0, 0, 0, 0, 0, 0, 0, 0, 0, 0, 0, 0, 0, 0, 0, 0, 0, 0, 0, 0, 0, 0, 0, 0, 0, 0, 0, 0, 0, 0, 0, 0, 0, 0, 0, 0, 0, 0, 0, 0, 0, 0, 0, 0, 0, 0, 0, 0, 0, 0, 0, 0, 0, 0, 0, 0, 0, 0, 0, 0, 0, 0, 0, 0, 0, 0, 0, 0, 0, 0, 0, 0, 0, 0, 0, 0, 0, 0, 0, 0, 0, 0, 'View 1 more', 0, 0, 0, 0, 0, 0, 0, 0, 0, 0]"
https://www.tiktok.com/@thuhogpypy,7207391497937784090,Thu Hồng ,Coi cười muốn khùng,2,"[0, 0, 0, 0, 0, 0, 0, 0, 0, 0, 0, 0, 0, 0, 0, 0, 0, 0, 0, 0, 'View 2 replies', 0, 0, 0, 0, 0, 0, 0, 0, 0, 0, 0, 0, 0, 0, 'View 2 replies', 0, 0, 0, 0, 0, 0, 0, 0, 0, 0, 0, 0, 0, 0, 0, 0, 0, 0, 0, 0, 0, 0, 0, 0, 0, 0, 0, 0, 0, 0, 0, 0, 0, 0, 0, 0, 0, 0, 0, 0, 0, 0, 0, 0, 0, 0, 0, 0, 0, 0, 0, 0, 0, 0, 0, 0, 0, 0, 0, 0, 0, 0, 0, 0, 0, 0, 0, 0, 0, 0, 0, 0, 0, 0, 0, 0, 0, 0, 0, 0, 0, 0, 0, 0, 'View 1 more', 0, 0, 0, 0, 0, 0, 0, 0, 0, 0]"
https://www.tiktok.com/@user6287298147388,7206629724766883098,user6287298147388 ,anh đang ở emart hả ?,0,"[0, 0, 0, 0, 0, 0, 0, 0, 0, 0, 0, 0, 0, 0, 0, 0, 0, 0, 0, 0, 'View 2 replies', 0, 0, 0, 0, 0, 0, 0, 0, 0, 0, 0, 0, 0, 0, 'View 2 replies', 0, 0, 0, 0, 0, 0, 0, 0, 0, 0, 0, 0, 0, 0, 0, 0, 0, 0, 0, 0, 0, 0, 0, 0, 0, 0, 0, 0, 0, 0, 0, 0, 0, 0, 0, 0, 0, 0, 0, 0, 0, 0, 0, 0, 0, 0, 0, 0, 0, 0, 0, 0, 0, 0, 0]"
https://www.tiktok.com/@tamnhi551,7206629724766883098,Tâm Nhi ,Vị này quá tuyệt,0,"[0, 0, 0, 0, 0, 0, 0, 0, 0, 0, 0, 0, 0, 0, 0, 0, 0, 0, 0, 0, 'View 2 replies', 0, 0, 0, 0, 0, 0, 0, 0, 0, 0, 0, 0, 0, 0, 'View 2 replies', 0, 0, 0, 0, 0, 0, 0, 0, 0, 0, 0, 0, 0, 0, 0, 0, 0, 0, 0, 0, 0, 0, 0, 0, 0, 0, 0, 0, 0, 0, 0, 0, 0, 0, 0, 0, 0, 0, 0, 0, 0, 0, 0, 0, 0, 0, 0, 0, 0, 0, 0, 0, 0, 0, 0]"
https://www.tiktok.com/@phongchautr2103537,7206629724766883098,Hồng Phúc ,Cuộc chơi chọn e nhưng em chọn warrior,0,"[0, 0, 0, 0, 0, 0, 0, 0, 0, 0, 0, 0, 0, 0, 0, 0, 0, 0, 0, 0, 'View 2 replies', 0, 0, 0, 0, 0, 0, 0, 0, 0, 0, 0, 0, 0, 0, 'View 2 replies', 0, 0, 0, 0, 0, 0, 0, 0, 0, 0, 0, 0, 0, 0, 0, 0, 0, 0, 0, 0, 0, 0, 0, 0, 0, 0, 0, 0, 0, 0, 0, 0, 0, 0, 0, 0, 0, 0, 0, 0, 0, 0, 0, 0, 0, 0, 0, 0, 0, 0, 0, 0, 0, 0, 0]"
https://www.tiktok.com/@thaotrang55412,7206629724766883098,Thanh Thủy ,Mê warrior vì ga nhiều,0,"[0, 0, 0, 0, 0, 0, 0, 0, 0, 0, 0, 0, 0, 0, 0, 0, 0, 0, 0, 0, 'View 2 replies', 0, 0, 0, 0, 0, 0, 0, 0, 0, 0, 0, 0, 0, 0, 'View 2 replies', 0, 0, 0, 0, 0, 0, 0, 0, 0, 0, 0, 0, 0, 0, 0, 0, 0, 0, 0, 0, 0, 0, 0, 0, 0, 0, 0, 0, 0, 0, 0, 0, 0, 0, 0, 0, 0, 0, 0, 0, 0, 0, 0, 0, 0, 0, 0, 0, 0, 0, 0, 0, 0, 0, 0]"
https://www.tiktok.com/@phuongthi5491,7206629724766883098,Tâm Linh ,ga nhiều nên ăn nhiều đồ nướng không ngấy,0,"[0, 0, 0, 0, 0, 0, 0, 0, 0, 0, 0, 0, 0, 0, 0, 0, 0, 0, 0, 0, 'View 2 replies', 0, 0, 0, 0, 0, 0, 0, 0, 0, 0, 0, 0, 0, 0, 'View 2 replies', 0, 0, 0, 0, 0, 0, 0, 0, 0, 0, 0, 0, 0, 0, 0, 0, 0, 0, 0, 0, 0, 0, 0, 0, 0, 0, 0, 0, 0, 0, 0, 0, 0, 0, 0, 0, 0, 0, 0, 0, 0, 0, 0, 0, 0, 0, 0, 0, 0, 0, 0, 0, 0, 0, 0]"
https://www.tiktok.com/@phungyen546,7206629724766883098,Phụng Yến ,Ăn đồ nướng uống này thì xết xảy,0,"[0, 0, 0, 0, 0, 0, 0, 0, 0, 0, 0, 0, 0, 0, 0, 0, 0, 0, 0, 0, 'View 2 replies', 0, 0, 0, 0, 0, 0, 0, 0, 0, 0, 0, 0, 0, 0, 'View 2 replies', 0, 0, 0, 0, 0, 0, 0, 0, 0, 0, 0, 0, 0, 0, 0, 0, 0, 0, 0, 0, 0, 0, 0, 0, 0, 0, 0, 0, 0, 0, 0, 0, 0, 0, 0, 0, 0, 0, 0, 0, 0, 0, 0, 0, 0, 0, 0, 0, 0, 0, 0, 0, 0, 0, 0]"
https://www.tiktok.com/@ngocle5413,7206629724766883098,Ngọc Thi ,Iu anh,0,"[0, 0, 0, 0, 0, 0, 0, 0, 0, 0, 0, 0, 0, 0, 0, 0, 0, 0, 0, 0, 'View 2 replies', 0, 0, 0, 0, 0, 0, 0, 0, 0, 0, 0, 0, 0, 0, 'View 2 replies', 0, 0, 0, 0, 0, 0, 0, 0, 0, 0, 0, 0, 0, 0, 0, 0, 0, 0, 0, 0, 0, 0, 0, 0, 0, 0, 0, 0, 0, 0, 0, 0, 0, 0, 0, 0, 0, 0, 0, 0, 0, 0, 0, 0, 0, 0, 0, 0, 0, 0, 0, 0, 0, 0, 0]"
https://www.tiktok.com/@bacninh.sbay.com.vn,7206629724766883098,bacninh.sbay.com.vn ,"??
Công Ty Cổ Phần Sbay Việt Nam Kính chào Quý khách quankhonggo!",0,"[0, 0, 0, 0, 0, 0, 0, 0, 0, 0, 0, 0, 0, 0, 0, 0, 0, 0, 0, 0, 'View 2 replies', 0, 0, 0, 0, 0, 0, 0, 0, 0, 0, 0, 0, 0, 0, 'View 2 replies', 0, 0, 0, 0, 0, 0, 0, 0, 0, 0, 0, 0, 0, 0, 0, 0, 0, 0, 0, 0, 0, 0, 0, 0, 0, 0, 0, 0, 0, 0, 0, 0, 0, 0, 0, 0, 0, 0, 0, 0, 0, 0, 0, 0, 0, 0, 0, 0, 0, 0, 0, 0, 0, 0, 0]"
https://www.tiktok.com/@hunganh518484,7206629724766883098,Hùng Anh Phan ,Sao vị Nho này thơm quá,0,"[0, 0, 0, 0, 0, 0, 0, 0, 0, 0, 0, 0, 0, 0, 0, 0, 0, 0, 0, 0, 'View 2 replies', 0, 0, 0, 0, 0, 0, 0, 0, 0, 0, 0, 0, 0, 0, 'View 2 replies', 0, 0, 0, 0, 0, 0, 0, 0, 0, 0, 0, 0, 0, 0, 0, 0, 0, 0, 0, 0, 0, 0, 0, 0, 0, 0, 0, 0, 0, 0, 0, 0, 0, 0, 0, 0, 0, 0, 0, 0, 0, 0, 0, 0, 0, 0, 0, 0, 0, 0, 0, 0, 0, 0, 0]"
https://www.tiktok.com/@ywecylydi,7206629724766883098,Nguyễn Thị Tố Nữ ,Ăn đồ nướng với uống warrior là hết sẩy 😝,0,"[0, 0, 0, 0, 0, 0, 0, 0, 0, 0, 0, 0, 0, 0, 0, 0, 0, 0, 0, 0, 'View 2 replies', 0, 0, 0, 0, 0, 0, 0, 0, 0, 0, 0, 0, 0, 0, 'View 2 replies', 0, 0, 0, 0, 0, 0, 0, 0, 0, 0, 0, 0, 0, 0, 0, 0, 0, 0, 0, 0, 0, 0, 0, 0, 0, 0, 0, 0, 0, 0, 0, 0, 0, 0, 0, 0, 0, 0, 0, 0, 0, 0, 0, 0, 0, 0, 0, 0, 0, 0, 0, 0, 0, 0, 0]"
https://www.tiktok.com/@vemaybay_trangia,7206629724766883098,Niosangtran ,"??
Công Ty Cổ Phần Sbay Việt Nam Kính chào Quý khách quankhonggo!",0,"[0, 0, 0, 0, 0, 0, 0, 0, 0, 0, 0, 0, 0, 0, 0, 0, 0, 0, 0, 0, 'View 2 replies', 0, 0, 0, 0, 0, 0, 0, 0, 0, 0, 0, 0, 0, 0, 'View 2 replies', 0, 0, 0, 0, 0, 0, 0, 0, 0, 0, 0, 0, 0, 0, 0, 0, 0, 0, 0, 0, 0, 0, 0, 0, 0, 0, 0, 0, 0, 0, 0, 0, 0, 0, 0, 0, 0, 0, 0, 0, 0, 0, 0, 0, 0, 0, 0, 0, 0, 0, 0, 0, 0, 0, 0]"
https://www.tiktok.com/@vemaybay_trangia,7206629724766883098,Niosangtran ,"?️⚡
Công Ty Cổ Phần Sbay Việt Nam Kính chào Quý khách quankhonggo!",0,"[0, 0, 0, 0, 0, 0, 0, 0, 0, 0, 0, 0, 0, 0, 0, 0, 0, 0, 0, 0, 'View 2 replies', 0, 0, 0, 0, 0, 0, 0, 0, 0, 0, 0, 0, 0, 0, 'View 2 replies', 0, 0, 0, 0, 0, 0, 0, 0, 0, 0, 0, 0, 0, 0, 0, 0, 0, 0, 0, 0, 0, 0, 0, 0, 0, 0, 0, 0, 0, 0, 0, 0, 0, 0, 0, 0, 0, 0, 0, 0, 0, 0, 0, 0, 0, 0, 0, 0, 0, 0, 0, 0, 0, 0, 0]"
https://www.tiktok.com/@iratran18,7206629724766883098,An Võ ,quả nhạc cháy 10 điểm,0,"[0, 0, 0, 0, 0, 0, 0, 0, 0, 0, 0, 0, 0, 0, 0, 0, 0, 0, 0, 0, 'View 2 replies', 0, 0, 0, 0, 0, 0, 0, 0, 0, 0, 0, 0, 0, 0, 'View 2 replies', 0, 0, 0, 0, 0, 0, 0, 0, 0, 0, 0, 0, 0, 0, 0, 0, 0, 0, 0, 0, 0, 0, 0, 0, 0, 0, 0, 0, 0, 0, 0, 0, 0, 0, 0, 0, 0, 0, 0, 0, 0, 0, 0, 0, 0, 0, 0, 0, 0, 0, 0, 0, 0, 0, 0]"
https://www.tiktok.com/@duclong839814,7206629724766883098,Ðức Long Huỳnh ,cũng cháy k kém bản gốc,0,"[0, 0, 0, 0, 0, 0, 0, 0, 0, 0, 0, 0, 0, 0, 0, 0, 0, 0, 0, 0, 'View 2 replies', 0, 0, 0, 0, 0, 0, 0, 0, 0, 0, 0, 0, 0, 0, 'View 2 replies', 0, 0, 0, 0, 0, 0, 0, 0, 0, 0, 0, 0, 0, 0, 0, 0, 0, 0, 0, 0, 0, 0, 0, 0, 0, 0, 0, 0, 0, 0, 0, 0, 0, 0, 0, 0, 0, 0, 0, 0, 0, 0, 0, 0, 0, 0, 0, 0, 0, 0, 0, 0, 0, 0, 0]"
https://www.tiktok.com/@khoahung_,7206629724766883098,Hùng Khoa ,cũng cháy k kém bản gốc,0,"[0, 0, 0, 0, 0, 0, 0, 0, 0, 0, 0, 0, 0, 0, 0, 0, 0, 0, 0, 0, 'View 2 replies', 0, 0, 0, 0, 0, 0, 0, 0, 0, 0, 0, 0, 0, 0, 'View 2 replies', 0, 0, 0, 0, 0, 0, 0, 0, 0, 0, 0, 0, 0, 0, 0, 0, 0, 0, 0, 0, 0, 0, 0, 0, 0, 0, 0, 0, 0, 0, 0, 0, 0, 0, 0, 0, 0, 0, 0, 0, 0, 0, 0, 0, 0, 0, 0, 0, 0, 0, 0, 0, 0, 0, 0]"
https://www.tiktok.com/@lu27_10atus,7206629724766883098,tuul ,Từ chuyển động 24h qua đây,1,"[0, 0, 0, 0, 0, 0, 0, 0, 0, 0, 0, 0, 0, 0, 0, 0, 0, 0, 0, 0, 'View 2 replies', 0, 0, 0, 0, 0, 0, 0, 0, 0, 0, 0, 0, 0, 0, 'View 2 replies', 0, 0, 0, 0, 0, 0, 0, 0, 0, 0, 0, 0, 0, 0, 0, 0, 0, 0, 0, 0, 0, 0, 0, 0, 0, 0, 0, 0, 0, 0, 0, 0, 0, 0, 0, 0, 0, 0, 0, 0, 0, 0, 0, 0, 0, 0, 0, 0, 0, 0, 0, 0, 0, 0, 0]"
https://www.tiktok.com/@10121999duc,7206629724766883098,Đậu Phộng ,wow,1,"[0, 0, 0, 0, 0, 0, 0, 0, 0, 0, 0, 0, 0, 0, 0, 0, 0, 0, 0, 0, 'View 2 replies', 0, 0, 0, 0, 0, 0, 0, 0, 0, 0, 0, 0, 0, 0, 'View 2 replies', 0, 0, 0, 0, 0, 0, 0, 0, 0, 0, 0, 0, 0, 0, 0, 0, 0, 0, 0, 0, 0, 0, 0, 0, 0, 0, 0, 0, 0, 0, 0, 0, 0, 0, 0, 0, 0, 0, 0, 0, 0, 0, 0, 0, 0, 0, 0, 0, 0, 0, 0, 0, 0, 0, 0]"
https://www.tiktok.com/@uservvy123,7206629724766883098,Quỳnhvytv08 ,Anh thử thách toàn màu vàng ik anh,0,"[0, 0, 0, 0, 0, 0, 0, 0, 0, 0, 0, 0, 0, 0, 0, 0, 0, 0, 0, 0, 'View 2 replies', 0, 0, 0, 0, 0, 0, 0, 0, 0, 0, 0, 0, 0, 0, 'View 2 replies', 0, 0, 0, 0, 0, 0, 0, 0, 0, 0, 0, 0, 0, 0, 0, 0, 0, 0, 0, 0, 0, 0, 0, 0, 0, 0, 0, 0, 0, 0, 0, 0, 0, 0, 0, 0, 0, 0, 0, 0, 0, 0, 0, 0, 0, 0, 0, 0, 0, 0, 0, 0, 0, 0, 0]"
https://www.tiktok.com/@anhlagphudz,7206629724766883098,Kaizo.Gp ,@mihyelz an toan mau tim,0,"[0, 0, 0, 0, 0, 0, 0, 0, 0, 0, 0, 0, 0, 0, 0, 0, 0, 0, 0, 0, 'View 2 replies', 0, 0, 0, 0, 0, 0, 0, 0, 0, 0, 0, 0, 0, 0, 'View 2 replies', 0, 0, 0, 0, 0, 0, 0, 0, 0, 0, 0, 0, 0, 0, 0, 0, 0, 0, 0, 0, 0, 0, 0, 0, 0, 0, 0, 0, 0, 0, 0, 0, 0, 0, 0, 0, 0, 0, 0, 0, 0, 0, 0, 0, 0, 0, 0, 0, 0, 0, 0, 0, 0, 0, 0]"
https://www.tiktok.com/@n_ntvyy,7206629724766883098,_tvyy🎴 ,chúc mừng a đc lên VTV 😳,0,"[0, 0, 0, 0, 0, 0, 0, 0, 0, 0, 0, 0, 0, 0, 0, 0, 0, 0, 0, 0, 'View 2 replies', 0, 0, 0, 0, 0, 0, 0, 0, 0, 0, 0, 0, 0, 0, 'View 2 replies', 0, 0, 0, 0, 0, 0, 0, 0, 0, 0, 0, 0, 0, 0, 0, 0, 0, 0, 0, 0, 0, 0, 0, 0, 0, 0, 0, 0, 0, 0, 0, 0, 0, 0, 0, 0, 0, 0, 0, 0, 0, 0, 0, 0, 0, 0, 0, 0, 0, 0, 0, 0, 0, 0, 0]"
https://www.tiktok.com/@halleyvu,7206629724766883098,Halley Vũ ,Toàn màu tím kể cả nhạc 😂😂,49,"[0, 0, 0, 0, 0, 0, 0, 0, 0, 0, 0, 0, 0, 0, 0, 0, 0, 0, 0, 0, 'View 2 replies', 0, 0, 0, 0, 0, 0, 0, 0, 0, 0, 0, 0, 0, 0, 'View 2 replies', 0, 0, 0, 0, 0, 0, 0, 0, 0, 0, 0, 0, 0, 0, 0, 0, 0, 0, 0, 0, 0, 0, 0, 0, 0, 0, 0, 0, 0, 0, 0, 0, 0, 0, 0, 0, 0, 0, 0, 0, 0, 0, 0, 0, 0, 0, 0, 0, 0, 0, 0, 0, 0, 0, 0]"
https://www.tiktok.com/@hanchinhlatui.2005,7206629724766883098,Anti Anh Vinh 🤣 ,Anh thử thách một ngày toàn màu hồng đi anh😁,17,"[0, 0, 0, 0, 0, 0, 0, 0, 0, 0, 0, 0, 0, 0, 0, 0, 0, 0, 0, 0, 'View 2 replies', 0, 0, 0, 0, 0, 0, 0, 0, 0, 0, 0, 0, 0, 0, 'View 2 replies', 0, 0, 0, 0, 0, 0, 0, 0, 0, 0, 0, 0, 0, 0, 0, 0, 0, 0, 0, 0, 0, 0, 0, 0, 0, 0, 0, 0, 0, 0, 0, 0, 0, 0, 0, 0, 0, 0, 0, 0, 0, 0, 0, 0, 0, 0, 0, 0, 0, 0, 0, 0, 0, 0, 0]"
https://www.tiktok.com/@mice1231255,7206629724766883098,gạch ống ,anh đi e mart đúng ko😂,7,"[0, 0, 0, 0, 0, 0, 0, 0, 0, 0, 0, 0, 0, 0, 0, 0, 0, 0, 0, 0, 'View 2 replies', 0, 0, 0, 0, 0, 0, 0, 0, 0, 0, 0, 0, 0, 0, 'View 2 replies', 0, 0, 0, 0, 0, 0, 0, 0, 0, 0, 0, 0, 0, 0, 0, 0, 0, 0, 0, 0, 0, 0, 0, 0, 0, 0, 0, 0, 0, 0, 0, 0, 0, 0, 0, 0, 0, 0, 0, 0, 0, 0, 0, 0, 0, 0, 0, 0, 0, 0, 0, 0, 0, 0, 0]"
https://www.tiktok.com/@athenaly32,7206629724766883098,Thảo Huỳnh ,Tím cực zui Quan ơi 🥰🥰🥰,6,"[0, 0, 0, 0, 0, 0, 0, 0, 0, 0, 0, 0, 0, 0, 0, 0, 0, 0, 0, 0, 'View 2 replies', 0, 0, 0, 0, 0, 0, 0, 0, 0, 0, 0, 0, 0, 0, 'View 2 replies', 0, 0, 0, 0, 0, 0, 0, 0, 0, 0, 0, 0, 0, 0, 0, 0, 0, 0, 0, 0, 0, 0, 0, 0, 0, 0, 0, 0, 0, 0, 0, 0, 0, 0, 0, 0, 0, 0, 0, 0, 0, 0, 0, 0, 0, 0, 0, 0, 0, 0, 0, 0, 0, 0, 0]"
https://www.tiktok.com/@loivuthibich,7206629724766883098,loivuthibich ,anh ăn toàn bảy màu đi,0,"[0, 0, 0, 0, 0, 0, 0, 0, 0, 0, 0, 0, 0, 0, 0, 0, 0, 0, 0, 0, 'View 2 replies', 0, 0, 0, 0, 0, 0, 0, 0, 0, 0, 0, 0, 0, 0, 'View 2 replies', 0, 0, 0, 0, 0, 0, 0, 0, 0, 0, 0, 0, 0, 0, 0, 0, 0, 0, 0, 0, 0, 0, 0, 0, 0, 0, 0, 0, 0, 0, 0, 0, 0, 0, 0, 0, 0, 0, 0, 0, 0, 0, 0, 0, 0, 0, 0, 0, 0, 0, 0, 0, 0, 0, 0]"
https://www.tiktok.com/@diepz2012,7206629724766883098,✿ⒹⒾⒺⓅⓏ[ⒹⒶⓎⓎ🥀]♡ ,màu đen đi ạ,0,"[0, 0, 0, 0, 0, 0, 0, 0, 0, 0, 0, 0, 0, 0, 0, 0, 0, 0, 0, 0, 'View 2 replies', 0, 0, 0, 0, 0, 0, 0, 0, 0, 0, 0, 0, 0, 0, 'View 2 replies', 0, 0, 0, 0, 0, 0, 0, 0, 0, 0, 0, 0, 0, 0, 0, 0, 0, 0, 0, 0, 0, 0, 0, 0, 0, 0, 0, 0, 0, 0, 0, 0, 0, 0, 0, 0, 0, 0, 0, 0, 0, 0, 0, 0, 0, 0, 0, 0, 0, 0, 0, 0, 0, 0, 0]"
https://www.tiktok.com/@cggfhch7,7206629724766883098,fan NTN ,Anh thử thách một ngày toàn màu vàng đi ạ😁,0,"[0, 0, 0, 0, 0, 0, 0, 0, 0, 0, 0, 0, 0, 0, 0, 0, 0, 0, 0, 0, 'View 2 replies', 0, 0, 0, 0, 0, 0, 0, 0, 0, 0, 0, 0, 0, 0, 'View 2 replies', 0, 0, 0, 0, 0, 0, 0, 0, 0, 0, 0, 0, 0, 0, 0, 0, 0, 0, 0, 0, 0, 0, 0, 0, 0, 0, 0, 0, 0, 0, 0, 0, 0, 0, 0, 0, 0, 0, 0, 0, 0, 0, 0, 0, 0, 0, 0, 0, 0, 0, 0, 0, 0, 0, 0]"
https://www.tiktok.com/@baongoc_dyy,7206629724766883098,ʚ Namii ɞ ,còb thiếu @Bông Tím anh ơi :))),0,"[0, 0, 0, 0, 0, 0, 0, 0, 0, 0, 0, 0, 0, 0, 0, 0, 0, 0, 0, 0, 'View 2 replies', 0, 0, 0, 0, 0, 0, 0, 0, 0, 0, 0, 0, 0, 0, 'View 2 replies', 0, 0, 0, 0, 0, 0, 0, 0, 0, 0, 0, 0, 0, 0, 0, 0, 0, 0, 0, 0, 0, 0, 0, 0, 0, 0, 0, 0, 0, 0, 0, 0, 0, 0, 0, 0, 0, 0, 0, 0, 0, 0, 0, 0, 0, 0, 0, 0, 0, 0, 0, 0, 0, 0, 0]"
https://www.tiktok.com/@chaukopro777doumaakaza,7206629724766883098,chaukopro mê otp douma×akaza ,hi,0,"[0, 0, 0, 0, 0, 0, 0, 0, 0, 0, 0, 0, 0, 0, 0, 0, 0, 0, 0, 0, 'View 2 replies', 0, 0, 0, 0, 0, 0, 0, 0, 0, 0, 0, 0, 0, 0, 'View 2 replies', 0, 0, 0, 0, 0, 0, 0, 0, 0, 0, 0, 0, 0, 0, 0, 0, 0, 0, 0, 0, 0, 0, 0, 0, 0, 0, 0, 0, 0, 0, 0, 0, 0, 0, 0, 0, 0, 0, 0, 0, 0, 0, 0, 0, 0, 0, 0, 0, 0, 0, 0, 0, 0, 0, 0]"
https://www.tiktok.com/@kimthao1705,7206629724766883098,bé Ngoan. ,tui có 3 tời tiền 200đồng,0,"[0, 0, 0, 0, 0, 0, 0, 0, 0, 0, 0, 0, 0, 0, 0, 0, 0, 0, 0, 0, 'View 2 replies', 0, 0, 0, 0, 0, 0, 0, 0, 0, 0, 0, 0, 0, 0, 'View 2 replies', 0, 0, 0, 0, 0, 0, 0, 0, 0, 0, 0, 0, 0, 0, 0, 0, 0, 0, 0, 0, 0, 0, 0, 0, 0, 0, 0, 0, 0, 0, 0, 0, 0, 0, 0, 0, 0, 0, 0, 0, 0, 0, 0, 0, 0, 0, 0, 0, 0, 0, 0, 0, 0, 0, 0]"
https://www.tiktok.com/@usertllgx2jh3v,7206629724766883098,Anime💙 ,Anh ăn màu 💛 đi ạ em follow anh rồi 🥺🥺,0,"[0, 0, 0, 0, 0, 0, 0, 0, 0, 0, 0, 0, 0, 0, 0, 0, 0, 0, 0, 0, 'View 2 replies', 0, 0, 0, 0, 0, 0, 0, 0, 0, 0, 0, 0, 0, 0, 'View 2 replies', 0, 0, 0, 0, 0, 0, 0, 0, 0, 0, 0, 0, 0, 0, 0, 0, 0, 0, 0, 0, 0, 0, 0, 0, 0, 0, 0, 0, 0, 0, 0, 0, 0, 0, 0, 0, 0, 0, 0, 0, 0, 0, 0, 0, 0, 0, 0, 0, 0, 0, 0, 0, 0, 0, 0]"
https://www.tiktok.com/@iiowcjwghienngu,7206629724766883098,thanh hien ,😅😅,0,"[0, 0, 0, 0, 0, 0, 0, 0, 0, 0, 0, 0, 0, 0, 0, 0, 0, 0, 0, 0, 'View 2 replies', 0, 0, 0, 0, 0, 0, 0, 0, 0, 0, 0, 0, 0, 0, 'View 2 replies', 0, 0, 0, 0, 0, 0, 0, 0, 0, 0, 0, 0, 0, 0, 0, 0, 0, 0, 0, 0, 0, 0, 0, 0, 0, 0, 0, 0, 0, 0, 0, 0, 0, 0, 0, 0, 0, 0, 0, 0, 0, 0, 0, 0, 0, 0, 0, 0, 0, 0, 0, 0, 0, 0, 0]"
https://www.tiktok.com/@.btranchuche,7206629724766883098,bt 💤 ,Nhạc cx màu tím nữa 😳😳😳,0,"[0, 0, 0, 0, 0, 0, 0, 0, 0, 0, 0, 0, 0, 0, 0, 0, 0, 0, 0, 0, 'View 2 replies', 0, 0, 0, 0, 0, 0, 0, 0, 0, 0, 0, 0, 0, 0, 'View 2 replies', 0, 0, 0, 0, 0, 0, 0, 0, 0, 0, 0, 0, 0, 0, 0, 0, 0, 0, 0, 0, 0, 0, 0, 0, 0, 0, 0, 0, 0, 0, 0, 0, 0, 0, 0, 0, 0, 0, 0, 0, 0, 0, 0, 0, 0, 0, 0, 0, 0, 0, 0, 0, 0, 0, 0]"
https://www.tiktok.com/@ntnanh691,7206629724766883098,🌷☻ntnanh✿🦄🐰 ,Màu vàng đi anh😂,0,"[0, 0, 0, 0, 0, 0, 0, 0, 0, 0, 0, 0, 0, 0, 0, 0, 0, 0, 0, 0, 'View 2 replies', 0, 0, 0, 0, 0, 0, 0, 0, 0, 0, 0, 0, 0, 0, 'View 2 replies', 0, 0, 0, 0, 0, 0, 0, 0, 0, 0, 0, 0, 0, 0, 0, 0, 0, 0, 0, 0, 0, 0, 0, 0, 0, 0, 0, 0, 0, 0, 0, 0, 0, 0, 0, 0, 0, 0, 0, 0, 0, 0, 0, 0, 0, 0, 0, 0, 0, 0, 0, 0, 0, 0, 0]"
https://www.tiktok.com/@hellothinhne,7206629724766883098,hellothinhne ,anh ơi anh cắt tóc đằng sau đi. đẹp trai dữ lắm luôn,0,"[0, 0, 0, 0, 0, 0, 0, 0, 0, 0, 0, 0, 0, 0, 0, 0, 0, 0, 0, 0, 'View 2 replies', 0, 0, 0, 0, 0, 0, 0, 0, 0, 0, 0, 0, 0, 0, 'View 2 replies', 0, 0, 0, 0, 0, 0, 0, 0, 0, 0, 0, 0, 0, 0, 0, 0, 0, 0, 0, 0, 0, 0, 0, 0, 0, 0, 0, 0, 0, 0, 0, 0, 0, 0, 0, 0, 0, 0, 0, 0, 0, 0, 0, 0, 0, 0, 0, 0, 0, 0, 0, 0, 0, 0, 0]"
https://www.tiktok.com/@hnhm_16312,7206629724766883098,hmy dayyy ,@bquyen trầm tính 🌹🌻🌺🌼🌸,2,"[0, 0, 0, 0, 0, 0, 0, 0, 0, 0, 0, 0, 0, 0, 0, 0, 0, 0, 0, 0, 'View 2 replies', 0, 0, 0, 0, 0, 0, 0, 0, 0, 0, 0, 0, 0, 0, 'View 2 replies', 0, 0, 0, 0, 0, 0, 0, 0, 0, 0, 0, 0, 0, 0, 0, 0, 0, 0, 0, 0, 0, 0, 0, 0, 0, 0, 0, 0, 0, 0, 0, 0, 0, 0, 0, 0, 0, 0, 0, 0, 0, 0, 0, 0, 0, 0, 0, 0, 0, 0, 0, 0, 0, 0, 0]"
https://www.tiktok.com/@user1903625788084,7206629724766883098,Đức Vũ ,Nhờ pháp sư trung hoa chỉ mình cách down bài này về máy ạ,0,"[0, 0, 0, 0, 0, 0, 0, 0, 0, 0, 0, 0, 0, 0, 0, 0, 0, 0, 0, 0, 'View 2 replies', 0, 0, 0, 0, 0, 0, 0, 0, 0, 0, 0, 0, 0, 0, 'View 2 replies', 0, 0, 0, 0, 0, 0, 0, 0, 0, 0, 0, 0, 0, 0, 0, 0, 0, 0, 0, 0, 0, 0, 0, 0, 0, 0, 0, 0, 0, 0, 0, 0, 0, 0, 0, 0, 0, 0, 0, 0, 0, 0, 0, 0, 0, 0, 0, 0, 0, 0, 0, 0, 0, 0, 0]"
https://www.tiktok.com/@dunokimm26,7206629724766883098,lkd ,@PhuEam đấy,0,"[0, 0, 0, 0, 0, 0, 0, 0, 0, 0, 0, 0, 0, 0, 0, 0, 0, 0, 0, 0, 'View 2 replies', 0, 0, 0, 0, 0, 0, 0, 0, 0, 0, 0, 0, 0, 0, 'View 2 replies', 0, 0, 0, 0, 0, 0, 0, 0, 0, 0, 0, 0, 0, 0, 0, 0, 0, 0, 0, 0, 0, 0, 0, 0, 0, 0, 0, 0, 0, 0, 0, 0, 0, 0, 0, 0, 0, 0, 0, 0, 0, 0, 0, 0, 0, 0, 0, 0, 0, 0, 0, 0, 0, 0, 0]"
https://www.tiktok.com/@_m.huongdangditam,7206629724766883098,Mai Hương🦥 ,Ủa tên anh là Quang hay quan,0,"[0, 0, 0, 0, 0, 0, 0, 0, 0, 0, 0, 0, 0, 0, 0, 0, 0, 0, 0, 0, 'View 2 replies', 0, 0, 0, 0, 0, 0, 0, 0, 0, 0, 0, 0, 0, 0, 'View 2 replies', 0, 0, 0, 0, 0, 0, 0, 0, 0, 0, 0, 0, 0, 0, 0, 0, 0, 0, 0, 0, 0, 0, 0, 0, 0, 0, 0, 0, 0, 0, 0, 0, 0, 0, 0, 0, 0, 0, 0, 0, 0, 0, 0, 0, 0, 0, 0, 0, 0, 0, 0, 0, 0, 0, 0]"
https://www.tiktok.com/@trankienhuy22,7206629724766883098,Huy Trần ,"Hay quá, mình thích những bản như vậy",0,"[0, 0, 0, 0, 0, 0, 0, 0, 0, 0, 0, 0, 0, 0, 0, 0, 0, 0, 0, 0, 'View 2 replies', 0, 0, 0, 0, 0, 0, 0, 0, 0, 0, 0, 0, 0, 0, 'View 2 replies', 0, 0, 0, 0, 0, 0, 0, 0, 0, 0, 0, 0, 0, 0, 0, 0, 0, 0, 0, 0, 0, 0, 0, 0, 0, 0, 0, 0, 0, 0, 0, 0, 0, 0, 0, 0, 0, 0, 0, 0, 0, 0, 0, 0, 0, 0, 0, 0, 0, 0, 0, 0, 0, 0, 0]"
https://www.tiktok.com/@nybox_,7206629724766883098,Tí Racing ,Nhạc hay ghê á,1,"[0, 0, 0, 0, 0, 0, 0, 0, 0, 0, 0, 0, 0, 0, 0, 0, 0, 0, 0, 0, 'View 2 replies', 0, 0, 0, 0, 0, 0, 0, 0, 0, 0, 0, 0, 0, 0, 'View 2 replies', 0, 0, 0, 0, 0, 0, 0, 0, 0, 0, 0, 0, 0, 0, 0, 0, 0, 0, 0, 0, 0, 0, 0, 0, 0, 0, 0, 0, 0, 0, 0, 0, 0, 0, 0, 0, 0, 0, 0, 0, 0, 0, 0, 0, 0, 0, 0, 0, 0, 0, 0, 0, 0, 0, 0]"
https://www.tiktok.com/@thuhogpypy,7206629724766883098,Thu Hồng ,xỉu up xĩu down,0,"[0, 0, 0, 0, 0, 0, 0, 0, 0, 0, 0, 0, 0, 0, 0, 0, 0, 0, 0, 0, 'View 2 replies', 0, 0, 0, 0, 0, 0, 0, 0, 0, 0, 0, 0, 0, 0, 'View 2 replies', 0, 0, 0, 0, 0, 0, 0, 0, 0, 0, 0, 0, 0, 0, 0, 0, 0, 0, 0, 0, 0, 0, 0, 0, 0, 0, 0, 0, 0, 0, 0, 0, 0, 0, 0, 0, 0, 0, 0, 0, 0, 0, 0, 0, 0, 0, 0, 0, 0, 0, 0, 0, 0, 0, 0]"
https://www.tiktok.com/@dinhngocphu.pd.107,7206629724766883098,Em yêu anh Phú ghê :)) ,quảng cáo warior lộ thế,0,"[0, 0, 0, 0, 0, 0, 0, 0, 0, 0, 0, 0, 0, 0, 0, 0, 0, 0, 0, 0, 'View 2 replies', 0, 0, 0, 0, 0, 0, 0, 0, 0, 0, 0, 0, 0, 0, 'View 2 replies', 0, 0, 0, 0, 0, 0, 0, 0, 0, 0, 0, 0, 0, 0, 0, 0, 0, 0, 0, 0, 0, 0, 0, 0, 0, 0, 0, 0, 0, 0, 0, 0, 0, 0, 0, 0, 0, 0, 0, 0, 0, 0, 0, 0, 0, 0, 0, 0, 0, 0, 0, 0, 0, 0, 0]"
https://www.tiktok.com/@nguyenhuylehung0803,7206629724766883098,Lee Heung ,có đi ngang quầy em nèe😂,0,"[0, 0, 0, 0, 0, 0, 0, 0, 0, 0, 0, 0, 0, 0, 0, 0, 0, 0, 0, 0, 'View 2 replies', 0, 0, 0, 0, 0, 0, 0, 0, 0, 0, 0, 0, 0, 0, 'View 2 replies', 0, 0, 0, 0, 0, 0, 0, 0, 0, 0, 0, 0, 0, 0, 0, 0, 0, 0, 0, 0, 0, 0, 0, 0, 0, 0, 0, 0, 0, 0, 0, 0, 0, 0, 0, 0, 0, 0, 0, 0, 0, 0, 0, 0, 0, 0, 0, 0, 0, 0, 0, 0, 0, 0, 0]"
https://www.tiktok.com/@thuylinh970513,7206629724766883098,Thùy Linh Hoang ,Hay á nha,0,"[0, 0, 0, 0, 0, 0, 0, 0, 0, 0, 0, 0, 0, 0, 0, 0, 0, 0, 0, 0, 'View 2 replies', 0, 0, 0, 0, 0, 0, 0, 0, 0, 0, 0, 0, 0, 0, 'View 2 replies', 0, 0, 0, 0, 0, 0, 0, 0, 0, 0, 0, 0, 0, 0, 0, 0, 0, 0, 0, 0, 0, 0, 0, 0, 0, 0, 0, 0, 0, 0, 0, 0, 0, 0, 0, 0, 0, 0, 0, 0, 0, 0, 0, 0, 0, 0, 0, 0, 0, 0, 0, 0, 0, 0, 0]"
https://www.tiktok.com/@vie2k11,7206629724766883098,🌷𝓥𝓲𝓮🌷 ,em thích màu tín nè,0,"[0, 0, 0, 0, 0, 0, 0, 0, 0, 0, 0, 0, 0, 0, 0, 0, 0, 0, 0, 0, 'View 2 replies', 0, 0, 0, 0, 0, 0, 0, 0, 0, 0, 0, 0, 0, 0, 'View 2 replies', 0, 0, 0, 0, 0, 0, 0, 0, 0, 0, 0, 0, 0, 0, 0, 0, 0, 0, 0, 0, 0, 0, 0, 0, 0, 0, 0, 0, 0, 0, 0, 0, 0, 0, 0, 0, 0, 0, 0, 0, 0, 0, 0, 0, 0, 0, 0, 0, 0, 0, 0, 0, 0, 0, 0]"
https://www.tiktok.com/@kimcheeee27,7206629724766883098,Vợ Chanyeol nè ,@Yến Vi,0,"[0, 0, 0, 0, 0, 0, 0, 0, 0, 0, 0, 0, 0, 0, 0, 0, 0, 0, 0, 0, 'View 2 replies', 0, 0, 0, 0, 0, 0, 0, 0, 0, 0, 0, 0, 0, 0, 'View 2 replies', 0, 0, 0, 0, 0, 0, 0, 0, 0, 0, 0, 0, 0, 0, 0, 0, 0, 0, 0, 0, 0, 0, 0, 0, 0, 0, 0, 0, 0, 0, 0, 0, 0, 0, 0, 0, 0, 0, 0, 0, 0, 0, 0, 0, 0, 0, 0, 0, 0, 0, 0, 0, 0, 0, 0]"
https://www.tiktok.com/@nam12345678hl,7206629724766883098,. ,thử 1 ngày bảy sắc cầu vồng đi anh,0,"[0, 0, 0, 0, 0, 0, 0, 0, 0, 0, 0, 0, 0, 0, 0, 0, 0, 0, 0, 0, 'View 2 replies', 0, 0, 0, 0, 0, 0, 0, 0, 0, 0, 0, 0, 0, 0, 'View 2 replies', 0, 0, 0, 0, 0, 0, 0, 0, 0, 0, 0, 0, 0, 0, 0, 0, 0, 0, 0, 0, 0, 0, 0, 0, 0, 0, 0, 0, 0, 0, 0, 0, 0, 0, 0, 0, 0, 0, 0, 0, 0, 0, 0, 0, 0, 0, 0, 0, 0, 0, 0, 0, 0, 0, 0]"
https://www.tiktok.com/@mieutruong_0,7206629724766883098,🌻✅ ,đúng màu mik thích luôn,0,"[0, 0, 0, 0, 0, 0, 0, 0, 0, 0, 0, 0, 0, 0, 0, 0, 0, 0, 0, 0, 'View 2 replies', 0, 0, 0, 0, 0, 0, 0, 0, 0, 0, 0, 0, 0, 0, 'View 2 replies', 0, 0, 0, 0, 0, 0, 0, 0, 0, 0, 0, 0, 0, 0, 0, 0, 0, 0, 0, 0, 0, 0, 0, 0, 0, 0, 0, 0, 0, 0, 0, 0, 0, 0, 0, 0, 0, 0, 0, 0, 0, 0, 0, 0, 0, 0, 0, 0, 0, 0, 0, 0, 0, 0, 0]"
https://www.tiktok.com/@dangthinhuy13,7206629724766883098,#heocon ,sao đẹp trai quá z a,0,"[0, 0, 0, 0, 0, 0, 0, 0, 0, 0, 0, 0, 0, 0, 0, 0, 0, 0, 0, 0, 'View 2 replies', 0, 0, 0, 0, 0, 0, 0, 0, 0, 0, 0, 0, 0, 0, 'View 2 replies', 0, 0, 0, 0, 0, 0, 0, 0, 0, 0, 0, 0, 0, 0, 0, 0, 0, 0, 0, 0, 0, 0, 0, 0, 0, 0, 0, 0, 0, 0, 0, 0, 0, 0, 0, 0, 0, 0, 0, 0, 0, 0, 0, 0, 0, 0, 0, 0, 0, 0, 0, 0, 0, 0, 0]"
https://www.tiktok.com/@camnhunhcuti,7206629724766883098,CamNhungg🌷 ,mới thấy trên vtv1,0,"[0, 0, 0, 0, 0, 0, 0, 0, 0, 0, 0, 0, 0, 0, 0, 0, 0, 0, 0, 0, 'View 2 replies', 0, 0, 0, 0, 0, 0, 0, 0, 0, 0, 0, 0, 0, 0, 'View 2 replies', 0, 0, 0, 0, 0, 0, 0, 0, 0, 0, 0, 0, 0, 0, 0, 0, 0, 0, 0, 0, 0, 0, 0, 0, 0, 0, 0, 0, 0, 0, 0, 0, 0, 0, 0, 0, 0, 0, 0, 0, 0, 0, 0, 0, 0, 0, 0, 0, 0, 0, 0, 0, 0, 0, 0]"
https://www.tiktok.com/@hnnekk_198,7206629724766883098,hnnekk _ art 🎨 ,úi a ơi e thấy a đc lên vtv chống 🥰,0,"[0, 0, 0, 0, 0, 0, 0, 0, 0, 0, 0, 0, 0, 0, 0, 0, 0, 0, 0, 0, 'View 2 replies', 0, 0, 0, 0, 0, 0, 0, 0, 0, 0, 0, 0, 0, 0, 'View 2 replies', 0, 0, 0, 0, 0, 0, 0, 0, 0, 0, 0, 0, 0, 0, 0, 0, 0, 0, 0, 0, 0, 0, 0, 0, 0, 0, 0, 0, 0, 0, 0, 0, 0, 0, 0, 0, 0, 0, 0, 0, 0, 0, 0, 0, 0, 0, 0, 0, 0, 0, 0, 0, 0, 0, 0]"
https://www.tiktok.com/@raikando,7206629724766883098,lichaeng real👍 ,mới thấy ổng trên thời sự trưa nay,0,"[0, 0, 0, 0, 0, 0, 0, 0, 0, 0, 0, 0, 0, 0, 0, 0, 0, 0, 0, 0, 'View 2 replies', 0, 0, 0, 0, 0, 0, 0, 0, 0, 0, 0, 0, 0, 0, 'View 2 replies', 0, 0, 0, 0, 0, 0, 0, 0, 0, 0, 0, 0, 0, 0, 0, 0, 0, 0, 0, 0, 0, 0, 0, 0, 0, 0, 0, 0, 0, 0, 0, 0, 0, 0, 0, 0, 0, 0, 0, 0, 0, 0, 0, 0, 0, 0, 0, 0, 0, 0, 0, 0, 0, 0, 0]"
https://www.tiktok.com/@toanhoduc6,7206629724766883098,Uyên ෆ ,đúng màu e thik 😁,0,"[0, 0, 0, 0, 0, 0, 0, 0, 0, 0, 0, 0, 0, 0, 0, 0, 0, 0, 0, 0, 'View 2 replies', 0, 0, 0, 0, 0, 0, 0, 0, 0, 0, 0, 0, 0, 0, 'View 2 replies', 0, 0, 0, 0, 0, 0, 0, 0, 0, 0, 0, 0, 0, 0, 0, 0, 0, 0, 0, 0, 0, 0, 0, 0, 0, 0, 0, 0, 0, 0, 0, 0, 0, 0, 0, 0, 0, 0, 0, 0, 0, 0, 0, 0, 0, 0, 0, 0, 0, 0, 0, 0, 0, 0, 0]"
https://www.tiktok.com/@hoang.dr,7206629724766883098,Hoàng DR ,ai bán Wechat ibox ạ,0,"[0, 0, 0, 0, 0, 0, 0, 0, 0, 0, 0, 0, 0, 0, 0, 0, 0, 0, 0, 0, 'View 2 replies', 0, 0, 0, 0, 0, 0, 0, 0, 0, 0, 0, 0, 0, 0, 'View 2 replies', 0, 0, 0, 0, 0, 0, 0, 0, 0, 0, 0, 0, 0, 0, 0, 0, 0, 0, 0, 0, 0, 0, 0, 0, 0, 0, 0, 0, 0, 0, 0, 0, 0, 0, 0, 0, 0, 0, 0, 0, 0, 0, 0, 0, 0, 0, 0, 0, 0, 0, 0, 0, 0, 0, 0]"
https://www.tiktok.com/@thangveloc,7206629724766883098,Thắng đẹp zai chơi faifai ,em vừa thấy a trên truyển động 24h,0,"[0, 0, 0, 0, 0, 0, 0, 0, 0, 0, 0, 0, 0, 0, 0, 0, 0, 0, 0, 0, 'View 2 replies', 0, 0, 0, 0, 0, 0, 0, 0, 0, 0, 0, 0, 0, 0, 'View 2 replies', 0, 0, 0, 0, 0, 0, 0, 0, 0, 0, 0, 0, 0, 0, 0, 0, 0, 0, 0, 0, 0, 0, 0, 0, 0, 0, 0, 0, 0, 0, 0, 0, 0, 0, 0, 0, 0, 0, 0, 0, 0, 0, 0, 0, 0, 0, 0, 0, 0, 0, 0, 0, 0, 0, 0]"
https://www.tiktok.com/@914.....t,7206629724766883098,😑 ,anh vừa lên vtv kìa 😳😳,1,"[0, 0, 0, 0, 0, 0, 0, 0, 0, 0, 0, 0, 0, 0, 0, 0, 0, 0, 0, 0, 'View 2 replies', 0, 0, 0, 0, 0, 0, 0, 0, 0, 0, 0, 0, 0, 0, 'View 2 replies', 0, 0, 0, 0, 0, 0, 0, 0, 0, 0, 0, 0, 0, 0, 0, 0, 0, 0, 0, 0, 0, 0, 0, 0, 0, 0, 0, 0, 0, 0, 0, 0, 0, 0, 0, 0, 0, 0, 0, 0, 0, 0, 0, 0, 0, 0, 0, 0, 0, 0, 0, 0, 0, 0, 0]"
https://www.tiktok.com/@haidang_tnxp007,7206629724766883098,haidang_TNXP007 ,🥰,0,"[0, 0, 0, 0, 0, 0, 0, 0, 0, 0, 0, 0, 0, 0, 0, 0, 0, 0, 0, 0, 'View 2 replies', 0, 0, 0, 0, 0, 0, 0, 0, 0, 0, 0, 0, 0, 0, 'View 2 replies', 0, 0, 0, 0, 0, 0, 0, 0, 0, 0, 0, 0, 0, 0, 0, 0, 0, 0, 0, 0, 0, 0, 0, 0, 0, 0, 0, 0, 0, 0, 0, 0, 0, 0, 0, 0, 0, 0, 0, 0, 0, 0, 0, 0, 0, 0, 0, 0, 0, 0, 0, 0, 0, 0, 0]"
https://www.tiktok.com/@begaogaonek,7206629724766883098,🎀 Bé Gạo Gạo Nek 🎀 ,một ngày toàn màu xám ik anh,0,"[0, 0, 0, 0, 0, 0, 0, 0, 0, 0, 0, 0, 0, 0, 0, 0, 0, 0, 0, 0, 'View 2 replies', 0, 0, 0, 0, 0, 0, 0, 0, 0, 0, 0, 0, 0, 0, 'View 2 replies', 0, 0, 0, 0, 0, 0, 0, 0, 0, 0, 0, 0, 0, 0, 0, 0, 0, 0, 0, 0, 0, 0, 0, 0, 0, 0, 0, 0, 0, 0, 0, 0, 0, 0, 0, 0, 0, 0, 0, 0, 0, 0, 0, 0, 0, 0, 0, 0, 0, 0, 0, 0, 0, 0, 0]"
https://www.tiktok.com/@phuongnguyenka,7206629724766883098,Eri nè 🍀❤️‍🔥👩2k5 ,còn tờ 2tr đồng luôn,0,"[0, 0, 0, 0, 0, 0, 0, 0, 0, 0, 0, 0, 0, 0, 0, 0, 0, 0, 0, 0, 'View 2 replies', 0, 0, 0, 0, 0, 0, 0, 0, 0, 0, 0, 0, 0, 0, 'View 2 replies', 0, 0, 0, 0, 0, 0, 0, 0, 0, 0, 0, 0, 0, 0, 0, 0, 0, 0, 0, 0, 0, 0, 0, 0, 0, 0, 0, 0, 0, 0, 0, 0, 0, 0, 0, 0, 0, 0, 0, 0, 0, 0, 0, 0, 0, 0, 0, 0, 0, 0, 0, 0, 0, 0, 0]"
https://www.tiktok.com/@_hvy_2k11,7206629724766883098,🐰hvy💧 ,má oi đẹp trai zữ thần á,0,"[0, 0, 0, 0, 0, 0, 0, 0, 0, 0, 0, 0, 0, 0, 0, 0, 0, 0, 0, 0, 'View 2 replies', 0, 0, 0, 0, 0, 0, 0, 0, 0, 0, 0, 0, 0, 0, 'View 2 replies', 0, 0, 0, 0, 0, 0, 0, 0, 0, 0, 0, 0, 0, 0, 0, 0, 0, 0, 0, 0, 0, 0, 0, 0, 0, 0, 0, 0, 0, 0, 0, 0, 0, 0, 0, 0, 0, 0, 0, 0, 0, 0, 0, 0, 0, 0, 0, 0, 0, 0, 0, 0, 0, 0, 0]"
https://www.tiktok.com/@mienmocluong3112011,7206629724766883098,🌷💐 ,comment thứ 50 😂,0,"[0, 0, 0, 0, 0, 0, 0, 0, 0, 0, 0, 0, 0, 0, 0, 0, 0, 0, 0, 0, 'View 2 replies', 0, 0, 0, 0, 0, 0, 0, 0, 0, 0, 0, 0, 0, 0, 'View 2 replies', 0, 0, 0, 0, 0, 0, 0, 0, 0, 0, 0, 0, 0, 0, 0, 0, 0, 0, 0, 0, 0, 0, 0, 0, 0, 0, 0, 0, 0, 0, 0, 0, 0, 0, 0, 0, 0, 0, 0, 0, 0, 0, 0, 0, 0, 0, 0, 0, 0, 0, 0, 0, 0, 0, 0]"
https://www.tiktok.com/@._venn_,7206629724766883098,TTinh 💤 ,sao anh đẹp trai dữ vậy hả ?!,4,"[0, 0, 0, 0, 0, 0, 0, 0, 0, 0, 0, 0, 0, 0, 0, 0, 0, 0, 0, 0, 'View 2 replies', 0, 0, 0, 0, 0, 0, 0, 0, 0, 0, 0, 0, 0, 0, 'View 2 replies', 0, 0, 0, 0, 0, 0, 0, 0, 0, 0, 0, 0, 0, 0, 0, 0, 0, 0, 0, 0, 0, 0, 0, 0, 0, 0, 0, 0, 0, 0, 0, 0, 0, 0, 0, 0, 0, 0, 0, 0, 0, 0, 0, 0, 0, 0, 0, 0, 0, 0, 0, 0, 0, 0, 0]"
https://www.tiktok.com/@thanhxuanct2011,7206629724766883098,Thanh Xuan❤🐰 ,rep e đc khum a,2,"[0, 0, 0, 0, 0, 0, 0, 0, 0, 0, 0, 0, 0, 0, 0, 0, 0, 0, 0, 0, 'View 2 replies', 0, 0, 0, 0, 0, 0, 0, 0, 0, 0, 0, 0, 0, 0, 'View 2 replies', 0, 0, 0, 0, 0, 0, 0, 0, 0, 0, 0, 0, 0, 0, 0, 0, 0, 0, 0, 0, 0, 0, 0, 0, 0, 0, 0, 0, 0, 0, 0, 0, 0, 0, 0, 0, 0, 0, 0, 0, 0, 0, 0, 0, 0, 0, 0, 0, 0, 0, 0, 0, 0, 0, 0]"
https://www.tiktok.com/@suachua.2k12,7206629724766883098,Ng ngoc minh thư 🧸 ,@idoltuinek11,0,"[0, 0, 0, 0, 0, 0, 0, 0, 0, 0, 0, 0, 0, 0, 0, 0, 0, 0, 0, 0, 'View 2 replies', 0, 0, 0, 0, 0, 0, 0, 0, 0, 0, 0, 0, 0, 0, 'View 2 replies', 0, 0, 0, 0, 0, 0, 0, 0, 0, 0, 0, 0, 0, 0, 0, 0, 0, 0, 0, 0, 0, 0, 0, 0, 0, 0, 0, 0, 0, 0, 0, 0, 0, 0, 0, 0, 0, 0, 0, 0, 0, 0, 0, 0, 0, 0, 0, 0, 0, 0, 0, 0, 0, 0, 0]"
https://www.tiktok.com/@nhungthanh5502,7206629724766883098,nhungthanh5502 ,làm màu hồng i ạ 🥺🥺,1,"[0, 0, 0, 0, 0, 0, 0, 0, 0, 0, 0, 0, 0, 0, 0, 0, 0, 0, 0, 0, 'View 2 replies', 0, 0, 0, 0, 0, 0, 0, 0, 0, 0, 0, 0, 0, 0, 'View 2 replies', 0, 0, 0, 0, 0, 0, 0, 0, 0, 0, 0, 0, 0, 0, 0, 0, 0, 0, 0, 0, 0, 0, 0, 0, 0, 0, 0, 0, 0, 0, 0, 0, 0, 0, 0, 0, 0, 0, 0, 0, 0, 0, 0, 0, 0, 0, 0, 0, 0, 0, 0, 0, 0, 0, 0]"
https://www.tiktok.com/@userp9ifs6bact,7206629724766883098,Bé Quỳnh siti❤️ ,anh ăn màu xanh đi ạ,1,"[0, 0, 0, 0, 0, 0, 0, 0, 0, 0, 0, 0, 0, 0, 0, 0, 0, 0, 0, 0, 'View 2 replies', 0, 0, 0, 0, 0, 0, 0, 0, 0, 0, 0, 0, 0, 0, 'View 2 replies', 0, 0, 0, 0, 0, 0, 0, 0, 0, 0, 0, 0, 0, 0, 0, 0, 0, 0, 0, 0, 0, 0, 0, 0, 0, 0, 0, 0, 0, 0, 0, 0, 0, 0, 0, 0, 0, 0, 0, 0, 0, 0, 0, 0, 0, 0, 0, 0, 0, 0, 0, 0, 0, 0, 0]"
https://www.tiktok.com/@hi.mochimochi,7206629724766883098,⭐ 𝓂𝑜𝒸𝒽𝒾 𝓂𝑜𝒸𝒽𝒾 🌙 ,Clip cũ lại lỗi âm thanh à e,3,"[0, 0, 0, 0, 0, 0, 0, 0, 0, 0, 0, 0, 0, 0, 0, 0, 0, 0, 0, 0, 'View 2 replies', 0, 0, 0, 0, 0, 0, 0, 0, 0, 0, 0, 0, 0, 0, 'View 2 replies', 0, 0, 0, 0, 0, 0, 0, 0, 0, 0, 0, 0, 0, 0, 0, 0, 0, 0, 0, 0, 0, 0, 0, 0, 0, 0, 0, 0, 0, 0, 0, 0, 0, 0, 0, 0, 0, 0, 0, 0, 0, 0, 0, 0, 0, 0, 0, 0, 0, 0, 0, 0, 0, 0, 0]"
https://www.tiktok.com/@phamquyphinguyen,7206629724766883098,👑roblox mãi đỉnh👑hiha👑 ,hihi anh tốt bụng,1,"[0, 0, 0, 0, 0, 0, 0, 0, 0, 0, 0, 0, 0, 0, 0, 0, 0, 0, 0, 0, 'View 2 replies', 0, 0, 0, 0, 0, 0, 0, 0, 0, 0, 0, 0, 0, 0, 'View 2 replies', 0, 0, 0, 0, 0, 0, 0, 0, 0, 0, 0, 0, 0, 0, 0, 0, 0, 0, 0, 0, 0, 0, 0, 0, 0, 0, 0, 0, 0, 0, 0, 0, 0, 0, 0, 0, 0, 0, 0, 0, 0, 0, 0, 0, 0, 0, 0, 0, 0, 0, 0, 0, 0, 0, 0]"
https://www.tiktok.com/@_hvy_2k11,7206629724766883098,🐰hvy💧 ,rep e đc hobg😳,1,"[0, 0, 0, 0, 0, 0, 0, 0, 0, 0, 0, 0, 0, 0, 0, 0, 0, 0, 0, 0, 'View 2 replies', 0, 0, 0, 0, 0, 0, 0, 0, 0, 0, 0, 0, 0, 0, 'View 2 replies', 0, 0, 0, 0, 0, 0, 0, 0, 0, 0, 0, 0, 0, 0, 0, 0, 0, 0, 0, 0, 0, 0, 0, 0, 0, 0, 0, 0, 0, 0, 0, 0, 0, 0, 0, 0, 0, 0, 0, 0, 0, 0, 0, 0, 0, 0, 0, 0, 0, 0, 0, 0, 0, 0, 0]"
https://www.tiktok.com/@calantha_29_11,7206629724766883098,Limerence ,🥰🥰,0,"[0, 0, 0, 0, 0, 0, 0, 0, 0, 0, 0, 0, 0, 0, 0, 0, 0, 0, 0, 0, 'View 2 replies', 0, 0, 0, 0, 0, 0, 0, 0, 0, 0, 0, 0, 0, 0, 'View 2 replies', 0, 0, 0, 0, 0, 0, 0, 0, 0, 0, 0, 0, 0, 0, 0, 0, 0, 0, 0, 0, 0, 0, 0, 0, 0, 0, 0, 0, 0, 0, 0, 0, 0, 0, 0, 0, 0, 0, 0, 0, 0, 0, 0, 0, 0, 0, 0, 0, 0, 0, 0, 0, 0, 0, 0]"
https://www.tiktok.com/@cope_thiu_nang,7206629724766883098,ht 👽 ,nhạc màu tím ms chịu nha,2,"[0, 0, 0, 0, 0, 0, 0, 0, 0, 0, 0, 0, 0, 0, 0, 0, 0, 0, 0, 0, 'View 2 replies', 0, 0, 0, 0, 0, 0, 0, 0, 0, 0, 0, 0, 0, 0, 'View 2 replies', 0, 0, 0, 0, 0, 0, 0, 0, 0, 0, 0, 0, 0, 0, 0, 0, 0, 0, 0, 0, 0, 0, 0, 0, 0, 0, 0, 0, 0, 0, 0, 0, 0, 0, 0, 0, 0, 0, 0, 0, 0, 0, 0, 0, 0, 0, 0, 0, 0, 0, 0, 0, 0, 0, 0]"
https://www.tiktok.com/@iristamnguyen,7206629724766883098,Rít ,Ủa alo thèm nước tím ngang. Lát mua warrior ún 😆😆😆,2,"[0, 0, 0, 0, 0, 0, 0, 0, 0, 0, 0, 0, 0, 0, 0, 0, 0, 0, 0, 0, 'View 2 replies', 0, 0, 0, 0, 0, 0, 0, 0, 0, 0, 0, 0, 0, 0, 'View 2 replies', 0, 0, 0, 0, 0, 0, 0, 0, 0, 0, 0, 0, 0, 0, 0, 0, 0, 0, 0, 0, 0, 0, 0, 0, 0, 0, 0, 0, 0, 0, 0, 0, 0, 0, 0, 0, 0, 0, 0, 0, 0, 0, 0, 0, 0, 0, 0, 0, 0, 0, 0, 0, 0, 0, 0]"
https://www.tiktok.com/@user209297098,7206629724766883098,thooi thua ,hi anh,1,"[0, 0, 0, 0, 0, 0, 0, 0, 0, 0, 0, 0, 0, 0, 0, 0, 0, 0, 0, 0, 'View 2 replies', 0, 0, 0, 0, 0, 0, 0, 0, 0, 0, 0, 0, 0, 0, 'View 2 replies', 0, 0, 0, 0, 0, 0, 0, 0, 0, 0, 0, 0, 0, 0, 0, 0, 0, 0, 0, 0, 0, 0, 0, 0, 0, 0, 0, 0, 0, 0, 0, 0, 0, 0, 0, 0, 0, 0, 0, 0, 0, 0, 0, 0, 0, 0, 0, 0, 0, 0, 0, 0, 0, 0, 0]"
https://www.tiktok.com/@thitangnguyen,7206629724766883098,Rona 🥳😎 ,Rep em 😳😳😳,1,"[0, 0, 0, 0, 0, 0, 0, 0, 0, 0, 0, 0, 0, 0, 0, 0, 0, 0, 0, 0, 'View 2 replies', 0, 0, 0, 0, 0, 0, 0, 0, 0, 0, 0, 0, 0, 0, 'View 2 replies', 0, 0, 0, 0, 0, 0, 0, 0, 0, 0, 0, 0, 0, 0, 0, 0, 0, 0, 0, 0, 0, 0, 0, 0, 0, 0, 0, 0, 0, 0, 0, 0, 0, 0, 0, 0, 0, 0, 0, 0, 0, 0, 0, 0, 0, 0, 0, 0, 0, 0, 0, 0, 0, 0, 0]"
https://www.tiktok.com/@noname.8391,7206629724766883098,Nguyên Thứ 2 ,đăng lại à anh?,0,"[0, 0, 0, 0, 0, 0, 0, 0, 0, 0, 0, 0, 0, 0, 0, 0, 0, 0, 0, 0, 'View 2 replies', 0, 0, 0, 0, 0, 0, 0, 0, 0, 0, 0, 0, 0, 0, 'View 2 replies', 0, 0, 0, 0, 0, 0, 0, 0, 0, 0, 0, 0, 0, 0, 0, 0, 0, 0, 0, 0, 0, 0, 0, 0, 0, 0, 0, 0, 0, 0, 0, 0, 0, 0, 0, 0, 0, 0, 0, 0, 0, 0, 0, 0, 0, 0, 0, 0, 0, 0, 0, 0, 0, 0, 0]"
https://www.tiktok.com/@soiconcuabotoctruong,7206629724766883098,MieSayAri⛄☃️ ,đăng lại hả Anh Quan,0,"[0, 0, 0, 0, 0, 0, 0, 0, 0, 0, 0, 0, 0, 0, 0, 0, 0, 0, 0, 0, 'View 2 replies', 0, 0, 0, 0, 0, 0, 0, 0, 0, 0, 0, 0, 0, 0, 'View 2 replies', 0, 0, 0, 0, 0, 0, 0, 0, 0, 0, 0, 0, 0, 0, 0, 0, 0, 0, 0, 0, 0, 0, 0, 0, 0, 0, 0, 0, 0, 0, 0, 0, 0, 0, 0, 0, 0, 0, 0, 0, 0, 0, 0, 0, 0, 0, 0, 0, 0, 0, 0, 0, 0, 0, 0]"
https://www.tiktok.com/@_.th.haa_,7206629724766883098,💐✨Đỗ Thị Hà ✨💐 ,😁😊,2,"[0, 0, 0, 0, 0, 0, 0, 0, 0, 0, 0, 0, 0, 0, 0, 0, 0, 0, 0, 0, 'View 2 replies', 0, 0, 0, 0, 0, 0, 0, 0, 0, 0, 0, 0, 0, 0, 'View 2 replies', 0, 0, 0, 0, 0, 0, 0, 0, 0, 0, 0, 0, 0, 0, 0, 0, 0, 0, 0, 0, 0, 0, 0, 0, 0, 0, 0, 0, 0, 0, 0, 0, 0, 0, 0, 0, 0, 0, 0, 0, 0, 0, 0, 0, 0, 0, 0, 0, 0, 0, 0, 0, 0, 0, 0]"
https://www.tiktok.com/@n.h.phong179,7206629724766883098,N.H.Phong ,🥰🥰,1,"[0, 0, 0, 0, 0, 0, 0, 0, 0, 0, 0, 0, 0, 0, 0, 0, 0, 0, 0, 0, 'View 2 replies', 0, 0, 0, 0, 0, 0, 0, 0, 0, 0, 0, 0, 0, 0, 'View 2 replies', 0, 0, 0, 0, 0, 0, 0, 0, 0, 0, 0, 0, 0, 0, 0, 0, 0, 0, 0, 0, 0, 0, 0, 0, 0, 0, 0, 0, 0, 0, 0, 0, 0, 0, 0, 0, 0, 0, 0, 0, 0, 0, 0, 0, 0, 0, 0, 0, 0, 0, 0, 0, 0, 0, 0]"
https://www.tiktok.com/@hoanggianhu.210,7206629724766883098,𝙃𝙤𝙖𝙣𝙜𝙂𝙞𝙖𝙉𝙝𝙪🌷 ,Chưa đc anh repp lần nào🥺🥺,1,"[0, 0, 0, 0, 0, 0, 0, 0, 0, 0, 0, 0, 0, 0, 0, 0, 0, 0, 0, 0, 'View 2 replies', 0, 0, 0, 0, 0, 0, 0, 0, 0, 0, 0, 0, 0, 0, 'View 2 replies', 0, 0, 0, 0, 0, 0, 0, 0, 0, 0, 0, 0, 0, 0, 0, 0, 0, 0, 0, 0, 0, 0, 0, 0, 0, 0, 0, 0, 0, 0, 0, 0, 0, 0, 0, 0, 0, 0, 0, 0, 0, 0, 0, 0, 0, 0, 0, 0, 0, 0, 0, 0, 0, 0, 0]"
https://www.tiktok.com/@linhhihii_06,7206629724766883098,𝐓𝐫ầ𝐧 𝐂𝐡í 𝐋𝐢𝐧𝐡 ,đăng lại hả a,0,"[0, 0, 0, 0, 0, 0, 0, 0, 0, 0, 0, 0, 0, 0, 0, 0, 0, 0, 0, 0, 'View 2 replies', 0, 0, 0, 0, 0, 0, 0, 0, 0, 0, 0, 0, 0, 0, 'View 2 replies', 0, 0, 0, 0, 0, 0, 0, 0, 0, 0, 0, 0, 0, 0, 0, 0, 0, 0, 0, 0, 0, 0, 0, 0, 0, 0, 0, 0, 0, 0, 0, 0, 0, 0, 0, 0, 0, 0, 0, 0, 0, 0, 0, 0, 0, 0, 0, 0, 0, 0, 0, 0, 0, 0, 0]"
https://www.tiktok.com/@linhiutatcacacanh,7206629724766883098,nhật linh ,tím mộng mơ kk,1,"[0, 0, 0, 0, 0, 0, 0, 0, 0, 0, 0, 0, 0, 0, 0, 0, 0, 0, 0, 0, 'View 2 replies', 0, 0, 0, 0, 0, 0, 0, 0, 0, 0, 0, 0, 0, 0, 'View 2 replies', 0, 0, 0, 0, 0, 0, 0, 0, 0, 0, 0, 0, 0, 0, 0, 0, 0, 0, 0, 0, 0, 0, 0, 0, 0, 0, 0, 0, 0, 0, 0, 0, 0, 0, 0, 0, 0, 0, 0, 0, 0, 0, 0, 0, 0, 0, 0, 0, 0, 0, 0, 0, 0, 0, 0]"
https://www.tiktok.com/@saodotchx,7206629724766883098,Mày làm đéo j đc t?? ,mong anh rep,1,"[0, 0, 0, 0, 0, 0, 0, 0, 0, 0, 0, 0, 0, 0, 0, 0, 0, 0, 0, 0, 'View 2 replies', 0, 0, 0, 0, 0, 0, 0, 0, 0, 0, 0, 0, 0, 0, 'View 2 replies', 0, 0, 0, 0, 0, 0, 0, 0, 0, 0, 0, 0, 0, 0, 0, 0, 0, 0, 0, 0, 0, 0, 0, 0, 0, 0, 0, 0, 0, 0, 0, 0, 0, 0, 0, 0, 0, 0, 0, 0, 0, 0, 0, 0, 0, 0, 0, 0, 0, 0, 0, 0, 0, 0, 0]"
https://www.tiktok.com/@hpuccc04,7206629724766883098,Púccc. :0 ,@iamnina410,0,"[0, 0, 0, 0, 0, 0, 0, 0, 0, 0, 0, 0, 0, 0, 0, 0, 0, 0, 0, 0, 'View 2 replies', 0, 0, 0, 0, 0, 0, 0, 0, 0, 0, 0, 0, 0, 0, 'View 2 replies', 0, 0, 0, 0, 0, 0, 0, 0, 0, 0, 0, 0, 0, 0, 0, 0, 0, 0, 0, 0, 0, 0, 0, 0, 0, 0, 0, 0, 0, 0, 0, 0, 0, 0, 0, 0, 0, 0, 0, 0, 0, 0, 0, 0, 0, 0, 0, 0, 0, 0, 0, 0, 0, 0, 0]"
https://www.tiktok.com/@capdoiciute,7206629724766883098,🫶🏻Tiên Sinh x Anh Nam🫶🏻 ,Fpy!!!,0,"[0, 0, 0, 0, 0, 0, 0, 0, 0, 0, 0, 0, 0, 0, 0, 0, 0, 0, 0, 0, 'View 2 replies', 0, 0, 0, 0, 0, 0, 0, 0, 0, 0, 0, 0, 0, 0, 'View 2 replies', 0, 0, 0, 0, 0, 0, 0, 0, 0, 0, 0, 0, 0, 0, 0, 0, 0, 0, 0, 0, 0, 0, 0, 0, 0, 0, 0, 0, 0, 0, 0, 0, 0, 0, 0, 0, 0, 0, 0, 0, 0, 0, 0, 0, 0, 0, 0, 0, 0, 0, 0, 0, 0, 0, 0]"
https://www.tiktok.com/@quocnguyen22010,7206629724766883098,Quoc Nguyen ,😂😂,0,"[0, 0, 0, 0, 0, 0, 0, 0, 0, 0, 0, 0, 0, 0, 0, 0, 0, 0, 0, 0, 'View 2 replies', 0, 0, 0, 0, 0, 0, 0, 0, 0, 0, 0, 0, 0, 0, 'View 2 replies', 0, 0, 0, 0, 0, 0, 0, 0, 0, 0, 0, 0, 0, 0, 0, 0, 0, 0, 0, 0, 0, 0, 0, 0, 0, 0, 0, 0, 0, 0, 0, 0, 0, 0, 0, 0, 0, 0, 0, 0, 0, 0, 0, 0, 0, 0, 0, 0, 0, 0, 0, 0, 0, 0, 0]"
https://www.tiktok.com/@www.tictok.comtatthai060,7206629724766883098,vé máy bay Tất Thái ,??️Công Ty Cổ Phần Sbay Việt Nam Kính chào Quý khách quankhonggo!,0,"[0, 0, 0, 0, 0, 0, 0, 0, 0, 0, 0, 0, 0, 0, 0, 0, 0, 0, 0, 0, 'View 2 replies', 0, 0, 0, 0, 0, 0, 0, 0, 0, 0, 0, 0, 0, 0, 'View 2 replies', 0, 0, 0, 0, 0, 0, 0, 0, 0, 0, 0, 0, 0, 0, 0, 0, 0, 0, 0, 0, 0, 0, 0, 0, 0, 0, 0, 0, 0, 0, 0, 0, 0, 0, 0, 0, 0, 0, 0, 0, 0, 0, 0, 0, 0, 0, 0, 0, 0, 0, 0, 0, 0, 0, 0]"
https://www.tiktok.com/@idoltuinek11,7206629724766883098,Vieniday🐹🍇 ,màu tím!!!,1,"[0, 0, 0, 0, 0, 0, 0, 0, 0, 0, 0, 0, 0, 0, 0, 0, 0, 0, 0, 0, 'View 2 replies', 0, 0, 0, 0, 0, 0, 0, 0, 0, 0, 0, 0, 0, 0, 'View 2 replies', 0, 0, 0, 0, 0, 0, 0, 0, 0, 0, 0, 0, 0, 0, 0, 0, 0, 0, 0, 0, 0, 0, 0, 0, 0, 0, 0, 0, 0, 0, 0, 0, 0, 0, 0, 0, 0, 0, 0, 0, 0, 0, 0, 0, 0, 0, 0, 0, 0, 0, 0, 0, 0, 0, 0]"
https://www.tiktok.com/@2008.anhkiet,7206629724766883098,anh kiệt ,"Ai tim được bl này thì:
+da đẹp
+dáng xinh
+hết mụn
+có 1 tình iu đẹp",1,"[0, 0, 0, 0, 0, 0, 0, 0, 0, 0, 0, 0, 0, 0, 0, 0, 0, 0, 0, 0, 'View 2 replies', 0, 0, 0, 0, 0, 0, 0, 0, 0, 0, 0, 0, 0, 0, 'View 2 replies', 0, 0, 0, 0, 0, 0, 0, 0, 0, 0, 0, 0, 0, 0, 0, 0, 0, 0, 0, 0, 0, 0, 0, 0, 0, 0, 0, 0, 0, 0, 0, 0, 0, 0, 0, 0, 0, 0, 0, 0, 0, 0, 0, 0, 0, 0, 0, 0, 0, 0, 0, 0, 0, 0, 0]"
https://www.tiktok.com/@muimui91733,7206629724766883098,Miu Miu ( 🖤 🖤 ) ,ăn nhớ k rửa hả má,0,"[0, 0, 0, 0, 0, 0, 0, 0, 0, 0, 0, 0, 0, 0, 0, 0, 0, 0, 0, 0, 'View 2 replies', 0, 0, 0, 0, 0, 0, 0, 0, 0, 0, 0, 0, 0, 0, 'View 2 replies', 0, 0, 0, 0, 0, 0, 0, 0, 0, 0, 0, 0, 0, 0, 0, 0, 0, 0, 0, 0, 0, 0, 0, 0, 0, 0, 0, 0, 0, 0, 0, 0, 0, 0, 0, 0, 0, 0, 0, 0, 0, 0, 0, 0, 0, 0, 0, 0, 0, 0, 0, 0, 0, 0, 0]"
https://www.tiktok.com/@nhatquang21033072,7206629724766883098,Khánh Linh ,Đúng bày là ăn với gà nướng muối ớt,0,"[0, 0, 0, 0, 0, 0, 0, 0, 0, 0, 0, 0, 0, 0, 0, 0, 0, 0, 0, 0, 'View 2 replies', 0, 0, 0, 0, 0, 0, 0, 0, 0, 0, 0, 0, 0, 0, 'View 2 replies', 0, 0, 0, 0, 0, 0, 0, 0, 0, 0, 0, 0, 0, 0, 0, 0, 0, 0, 0, 0, 0, 0, 0, 0, 0, 0, 0, 0, 0, 0, 0, 0, 0, 0, 0, 0, 0, 0, 0, 0, 0, 0, 0, 0, 0, 0, 0, 0, 0, 0, 0, 0, 0, 0, 0]"
