Userlink,UserName,UserFollowing,UserFollowers,UserLikes
https://www.tiktok.com/@tacareview,tacareview  ,51,211.1K,3.8M
https://www.tiktok.com/@meimei199494,meimei199494  ,290,43.8K,858.8K
https://www.tiktok.com/@motngaycuabinh,motngaycuabinh  ,3,49.3K,2.5M
https://www.tiktok.com/@huunghia0304,huunghia0304  ,501,130.8K,4M
https://www.tiktok.com/@user748961401,user748961401  ,0,0,79.7K
https://www.tiktok.com/@nuoctanglucwarrior,nuoctanglucwarrior  ,0,34.3K,363.8K
https://www.tiktok.com/@cu0ngca0,cu0ngca0  ,102,398.4K,10.8M
https://www.tiktok.com/@august.dohaidang,august.dohaidang  ,175,205.7K,2.5M
https://www.tiktok.com/@habutiudoi,habutiudoi  ,225,46.5K,1.8M
https://www.tiktok.com/@ngandududu,ngandududu  ,70,360.1K,5M
https://www.tiktok.com/@mailinhtinhvovan,mailinhtinhvovan  ,984,964.7K,20.9M
https://www.tiktok.com/@ruoiconn,ruoiconn  ,304,141.2K,7.8M
https://www.tiktok.com/@duc.anh.wyad,duc.anh.wyad  ,382,95.8K,1.3M
https://www.tiktok.com/@cohenvoithanhxuan,cohenvoithanhxuan  ,281,185.8K,6.3M
https://www.tiktok.com/@imboian,imboian  ,29,237.6K,7.3M
https://www.tiktok.com/@oggy.girls,oggy.girls  ,155,174.3K,4.7M
https://www.tiktok.com/@_tranhieu.28,_tranhieu.28  ,121,334.3K,5.1M
https://www.tiktok.com/@minhphat.foodaholic,minhphat.foodaholic  ,90,192.4K,8M
https://www.tiktok.com/@hamid.0705,hamid.0705  ,519,1.2M,111.3M
https://www.tiktok.com/@quan_hongpham,quan_hongpham  ,1385,176.8K,3.7M
https://www.tiktok.com/@pittuquyen_turtle,pittuquyen_turtle  ,225,154.2K,2.4M
https://www.tiktok.com/@_rongconlonton_,_rongconlonton_  ,1,121.6K,4.9M
https://www.tiktok.com/@trantruongvinh_,trantruongvinh_  ,184,369.2K,5M
https://www.tiktok.com/@kieuchi111,kieuchi111  ,114,2.6M,102.4M
https://www.tiktok.com/@mquangwiqw,mquangwiqw  ,134,1.2M,35.2M
https://www.tiktok.com/@xuanth124_,xuanth124_  ,86,89.4K,1.3M
https://www.tiktok.com/@phiyenkhongphaiphiin,phiyenkhongphaiphiin  ,88,299.9K,7.3M
https://www.tiktok.com/@yan45giay,yan45giay  ,6,656.2K,24.1M
https://www.tiktok.com/@xuanmanh_,xuanmanh_  ,180,562.6K,19.7M
https://www.tiktok.com/@badbie.official,badbie.official  ,326,1.1M,26.5M
https://www.tiktok.com/@tiin.vn,tiin.vn  ,0,8.6M,580.9M
https://www.tiktok.com/@giakhiem271105,giakhiem271105  ,114,2M,59.9M
https://www.tiktok.com/@bongtim96,bongtim96  ,475,6.3M,217.6M
https://www.tiktok.com/@hwang_mao,hwang_mao  ,243,1.7M,20M
https://www.tiktok.com/@haha_412,haha_412  ,297,3.5M,113.3M
https://www.tiktok.com/@ttruc.__,ttruc.__  ,72,2.2M,77.5M
https://www.tiktok.com/@theanh28entertainment,theanh28entertainment  ,23,9.4M,850.5M
https://www.tiktok.com/@mutex_official,mutex_official  ,7,3.5M,92.8M
https://www.tiktok.com/@kenh14official,kenh14official  ,6,6.1M,310.1M
https://www.tiktok.com/@chibrillie99,chibrillie99  ,381,1.6M,38.3M
https://www.tiktok.com/@thanhmeo.18,thanhmeo.18  ,99,3.2M,67.2M
https://www.tiktok.com/@chuchu0403,chuchu0403  ,30,2.2M,24.6M
https://www.tiktok.com/@congchimai,congchimai  ,197,508.1K,8.6M
https://www.tiktok.com/@manhcuongsinger,manhcuongsinger  ,43,902.9K,12.8M
https://www.tiktok.com/@chang0000,chang0000  ,298,5.7M,163.8M
https://www.tiktok.com/@cuoideyyy,cuoideyyy  ,25,564.1K,23.9M
https://www.tiktok.com/@quankhonggo,quankhonggo  ,198,4.2M,147.8M
